validator_condition,active_validators,operation,repetition,run_id,sequence,latency_seconds,success,block_number,gas_used,confirmations
4/4,4,recordEvidence,1,5eb61840f07e400f82cd1bba8213ceb8,1,11.460995,True,99142,97655,1
4/4,4,recordEvidence,1,5eb61840f07e400f82cd1bba8213ceb8,2,11.276281,True,99142,97655,1
4/4,4,recordEvidence,1,5eb61840f07e400f82cd1bba8213ceb8,3,11.466475,True,99142,97655,1
4/4,4,recordEvidence,1,5eb61840f07e400f82cd1bba8213ceb8,4,11.061883,True,99142,97655,1
4/4,4,recordEvidence,1,5eb61840f07e400f82cd1bba8213ceb8,5,11.439128,True,99142,97655,1
4/4,4,recordEvidence,1,5eb61840f07e400f82cd1bba8213ceb8,6,11.123678,True,99142,97655,1
4/4,4,recordEvidence,1,5eb61840f07e400f82cd1bba8213ceb8,7,11.161341,True,99142,97655,1
4/4,4,recordEvidence,1,5eb61840f07e400f82cd1bba8213ceb8,8,11.299642,True,99142,97643,1
4/4,4,recordEvidence,1,5eb61840f07e400f82cd1bba8213ceb8,9,11.000433,True,99142,97643,1
4/4,4,recordEvidence,1,5eb61840f07e400f82cd1bba8213ceb8,10,11.212786,True,99142,97655,1
4/4,4,recordEvidence,1,5eb61840f07e400f82cd1bba8213ceb8,11,11.324773,True,99142,97655,1
4/4,4,recordEvidence,1,5eb61840f07e400f82cd1bba8213ceb8,12,11.204070,True,99142,97655,1
4/4,4,recordEvidence,1,5eb61840f07e400f82cd1bba8213ceb8,13,11.379154,True,99142,97655,1
4/4,4,recordEvidence,1,5eb61840f07e400f82cd1bba8213ceb8,14,11.134391,True,99142,97655,1
4/4,4,recordEvidence,1,5eb61840f07e400f82cd1bba8213ceb8,15,11.004959,True,99142,97631,1
4/4,4,recordEvidence,1,5eb61840f07e400f82cd1bba8213ceb8,16,11.112234,True,99142,97655,1
4/4,4,recordEvidence,1,5eb61840f07e400f82cd1bba8213ceb8,17,11.383620,True,99142,97643,1
4/4,4,recordEvidence,1,5eb61840f07e400f82cd1bba8213ceb8,18,11.303232,True,99142,97655,1
4/4,4,recordEvidence,1,5eb61840f07e400f82cd1bba8213ceb8,19,10.923885,True,99142,97655,1
4/4,4,recordEvidence,1,5eb61840f07e400f82cd1bba8213ceb8,20,11.047845,True,99142,97655,1
4/4,4,recordEvidence,1,5eb61840f07e400f82cd1bba8213ceb8,21,10.936337,True,99142,97643,1
4/4,4,recordEvidence,1,5eb61840f07e400f82cd1bba8213ceb8,22,11.295734,True,99142,97643,1
4/4,4,recordEvidence,1,5eb61840f07e400f82cd1bba8213ceb8,23,10.789099,True,99142,97643,1
4/4,4,recordEvidence,1,5eb61840f07e400f82cd1bba8213ceb8,24,11.297448,True,99142,97655,1
4/4,4,recordEvidence,1,5eb61840f07e400f82cd1bba8213ceb8,25,11.268403,True,99142,97643,1
4/4,4,recordEvidence,1,5eb61840f07e400f82cd1bba8213ceb8,26,11.207085,True,99142,97655,1
4/4,4,recordEvidence,1,5eb61840f07e400f82cd1bba8213ceb8,27,11.279993,True,99142,97643,1
4/4,4,recordEvidence,1,5eb61840f07e400f82cd1bba8213ceb8,28,11.111723,True,99142,97655,1
4/4,4,recordEvidence,1,5eb61840f07e400f82cd1bba8213ceb8,29,11.283988,True,99142,97643,1
4/4,4,recordEvidence,1,5eb61840f07e400f82cd1bba8213ceb8,30,10.823100,True,99142,97655,1
4/4,4,recordEvidence,1,5eb61840f07e400f82cd1bba8213ceb8,31,11.233067,True,99142,97643,1
4/4,4,recordEvidence,1,5eb61840f07e400f82cd1bba8213ceb8,32,10.962135,True,99142,97655,1
4/4,4,recordEvidence,1,5eb61840f07e400f82cd1bba8213ceb8,33,15.627734,True,99143,97643,1
4/4,4,recordEvidence,1,5eb61840f07e400f82cd1bba8213ceb8,34,15.494809,True,99143,97655,1
4/4,4,recordEvidence,1,5eb61840f07e400f82cd1bba8213ceb8,35,10.699847,True,99142,97643,1
4/4,4,recordEvidence,1,5eb61840f07e400f82cd1bba8213ceb8,36,11.144318,True,99142,97643,1
4/4,4,recordEvidence,1,5eb61840f07e400f82cd1bba8213ceb8,37,15.480679,True,99143,97655,1
4/4,4,recordEvidence,1,5eb61840f07e400f82cd1bba8213ceb8,38,11.073483,True,99142,97655,1
4/4,4,recordEvidence,1,5eb61840f07e400f82cd1bba8213ceb8,39,11.015529,True,99142,97643,1
4/4,4,recordEvidence,1,5eb61840f07e400f82cd1bba8213ceb8,40,11.146443,True,99142,97655,1
4/4,4,recordEvidence,1,5eb61840f07e400f82cd1bba8213ceb8,41,15.470590,True,99143,97655,1
4/4,4,recordEvidence,1,5eb61840f07e400f82cd1bba8213ceb8,42,15.493945,True,99143,97643,1
4/4,4,recordEvidence,1,5eb61840f07e400f82cd1bba8213ceb8,43,11.066904,True,99142,97655,1
4/4,4,recordEvidence,1,5eb61840f07e400f82cd1bba8213ceb8,44,15.382015,True,99143,97655,1
4/4,4,recordEvidence,1,5eb61840f07e400f82cd1bba8213ceb8,45,15.435756,True,99143,97655,1
4/4,4,recordEvidence,1,5eb61840f07e400f82cd1bba8213ceb8,46,15.372088,True,99143,97655,1
4/4,4,recordEvidence,1,5eb61840f07e400f82cd1bba8213ceb8,47,15.318811,True,99143,97655,1
4/4,4,recordEvidence,1,5eb61840f07e400f82cd1bba8213ceb8,48,15.448797,True,99143,97643,1
4/4,4,recordEvidence,1,5eb61840f07e400f82cd1bba8213ceb8,49,15.075686,True,99143,97655,1
4/4,4,recordEvidence,1,5eb61840f07e400f82cd1bba8213ceb8,50,15.368676,True,99143,97655,1
4/4,4,recordEvidence,1,5eb61840f07e400f82cd1bba8213ceb8,51,15.314614,True,99143,97631,1
4/4,4,recordEvidence,1,5eb61840f07e400f82cd1bba8213ceb8,52,15.452002,True,99143,97655,1
4/4,4,recordEvidence,1,5eb61840f07e400f82cd1bba8213ceb8,53,15.404263,True,99143,97655,1
4/4,4,recordEvidence,1,5eb61840f07e400f82cd1bba8213ceb8,54,15.384622,True,99143,97655,1
4/4,4,recordEvidence,1,5eb61840f07e400f82cd1bba8213ceb8,55,15.415022,True,99143,97655,1
4/4,4,recordEvidence,1,5eb61840f07e400f82cd1bba8213ceb8,56,15.433173,True,99143,97655,1
4/4,4,recordEvidence,1,5eb61840f07e400f82cd1bba8213ceb8,57,15.060126,True,99143,97655,1
4/4,4,recordEvidence,1,5eb61840f07e400f82cd1bba8213ceb8,58,15.347338,True,99143,97643,1
4/4,4,recordEvidence,1,5eb61840f07e400f82cd1bba8213ceb8,59,15.249572,True,99143,97655,1
4/4,4,recordEvidence,1,5eb61840f07e400f82cd1bba8213ceb8,60,15.347045,True,99143,97655,1
4/4,4,recordEvidence,1,5eb61840f07e400f82cd1bba8213ceb8,61,15.362823,True,99143,97643,1
4/4,4,recordEvidence,1,5eb61840f07e400f82cd1bba8213ceb8,62,15.357287,True,99143,97655,1
4/4,4,recordEvidence,1,5eb61840f07e400f82cd1bba8213ceb8,63,15.422925,True,99143,97655,1
4/4,4,recordEvidence,1,5eb61840f07e400f82cd1bba8213ceb8,64,15.194828,True,99143,97655,1
4/4,4,recordEvidence,1,5eb61840f07e400f82cd1bba8213ceb8,65,15.425372,True,99143,97643,1
4/4,4,recordEvidence,1,5eb61840f07e400f82cd1bba8213ceb8,66,15.128420,True,99143,97655,1
4/4,4,recordEvidence,1,5eb61840f07e400f82cd1bba8213ceb8,67,15.321872,True,99143,97655,1
4/4,4,recordEvidence,1,5eb61840f07e400f82cd1bba8213ceb8,68,15.279497,True,99143,97655,1
4/4,4,recordEvidence,1,5eb61840f07e400f82cd1bba8213ceb8,69,14.861064,True,99143,97643,1
4/4,4,recordEvidence,1,5eb61840f07e400f82cd1bba8213ceb8,70,15.147050,True,99143,97655,1
4/4,4,recordEvidence,1,5eb61840f07e400f82cd1bba8213ceb8,71,15.231119,True,99143,97655,1
4/4,4,recordEvidence,1,5eb61840f07e400f82cd1bba8213ceb8,72,15.097110,True,99143,97643,1
4/4,4,recordEvidence,1,5eb61840f07e400f82cd1bba8213ceb8,73,15.244328,True,99143,97655,1
4/4,4,recordEvidence,1,5eb61840f07e400f82cd1bba8213ceb8,74,15.214676,True,99143,97643,1
4/4,4,recordEvidence,1,5eb61840f07e400f82cd1bba8213ceb8,75,15.203410,True,99143,97655,1
4/4,4,recordEvidence,1,5eb61840f07e400f82cd1bba8213ceb8,76,19.481592,True,99144,97631,1
4/4,4,recordEvidence,1,5eb61840f07e400f82cd1bba8213ceb8,77,19.442164,True,99144,97643,1
4/4,4,recordEvidence,1,5eb61840f07e400f82cd1bba8213ceb8,78,14.927125,True,99143,97655,1
4/4,4,recordEvidence,1,5eb61840f07e400f82cd1bba8213ceb8,79,19.583430,True,99144,97655,1
4/4,4,recordEvidence,1,5eb61840f07e400f82cd1bba8213ceb8,80,15.131143,True,99143,97655,1
4/4,4,recordEvidence,1,5eb61840f07e400f82cd1bba8213ceb8,81,15.062814,True,99143,97655,1
4/4,4,recordEvidence,1,5eb61840f07e400f82cd1bba8213ceb8,82,19.416601,True,99144,97643,1
4/4,4,recordEvidence,1,5eb61840f07e400f82cd1bba8213ceb8,83,19.434418,True,99144,97655,1
4/4,4,recordEvidence,1,5eb61840f07e400f82cd1bba8213ceb8,84,19.545065,True,99144,97631,1
4/4,4,recordEvidence,1,5eb61840f07e400f82cd1bba8213ceb8,85,19.542222,True,99144,97655,1
4/4,4,recordEvidence,1,5eb61840f07e400f82cd1bba8213ceb8,86,19.375324,True,99144,97655,1
4/4,4,recordEvidence,1,5eb61840f07e400f82cd1bba8213ceb8,87,19.504714,True,99144,97643,1
4/4,4,recordEvidence,1,5eb61840f07e400f82cd1bba8213ceb8,88,19.361568,True,99144,97655,1
4/4,4,recordEvidence,1,5eb61840f07e400f82cd1bba8213ceb8,89,19.486892,True,99144,97655,1
4/4,4,recordEvidence,1,5eb61840f07e400f82cd1bba8213ceb8,90,19.412569,True,99144,97643,1
4/4,4,recordEvidence,1,5eb61840f07e400f82cd1bba8213ceb8,91,19.463306,True,99144,97643,1
4/4,4,recordEvidence,1,5eb61840f07e400f82cd1bba8213ceb8,92,19.428679,True,99144,97643,1
4/4,4,recordEvidence,1,5eb61840f07e400f82cd1bba8213ceb8,93,19.444160,True,99144,97655,1
4/4,4,recordEvidence,1,5eb61840f07e400f82cd1bba8213ceb8,94,19.430042,True,99144,97643,1
4/4,4,recordEvidence,1,5eb61840f07e400f82cd1bba8213ceb8,95,19.444296,True,99144,97655,1
4/4,4,recordEvidence,1,5eb61840f07e400f82cd1bba8213ceb8,96,19.424409,True,99144,97655,1
4/4,4,recordEvidence,1,5eb61840f07e400f82cd1bba8213ceb8,97,19.288102,True,99144,97643,1
4/4,4,recordEvidence,1,5eb61840f07e400f82cd1bba8213ceb8,98,19.277063,True,99144,97655,1
4/4,4,recordEvidence,1,5eb61840f07e400f82cd1bba8213ceb8,99,19.270636,True,99144,97643,1
4/4,4,recordEvidence,1,5eb61840f07e400f82cd1bba8213ceb8,100,19.308805,True,99144,97643,1
4/4,4,recordEvidence,2,eb2004d489a443f783eb61c374f94977,1,10.474945,True,99146,97643,1
4/4,4,recordEvidence,2,eb2004d489a443f783eb61c374f94977,2,10.480475,True,99146,97655,1
4/4,4,recordEvidence,2,eb2004d489a443f783eb61c374f94977,3,10.463472,True,99146,97655,1
4/4,4,recordEvidence,2,eb2004d489a443f783eb61c374f94977,4,10.430635,True,99146,97655,1
4/4,4,recordEvidence,2,eb2004d489a443f783eb61c374f94977,5,10.477625,True,99146,97643,1
4/4,4,recordEvidence,2,eb2004d489a443f783eb61c374f94977,6,10.404416,True,99146,97655,1
4/4,4,recordEvidence,2,eb2004d489a443f783eb61c374f94977,7,10.339311,True,99146,97643,1
4/4,4,recordEvidence,2,eb2004d489a443f783eb61c374f94977,8,10.196097,True,99146,97643,1
4/4,4,recordEvidence,2,eb2004d489a443f783eb61c374f94977,9,10.358665,True,99146,97655,1
4/4,4,recordEvidence,2,eb2004d489a443f783eb61c374f94977,10,10.395254,True,99146,97655,1
4/4,4,recordEvidence,2,eb2004d489a443f783eb61c374f94977,11,10.450004,True,99146,97655,1
4/4,4,recordEvidence,2,eb2004d489a443f783eb61c374f94977,12,10.336463,True,99146,97643,1
4/4,4,recordEvidence,2,eb2004d489a443f783eb61c374f94977,13,10.444465,True,99146,97643,1
4/4,4,recordEvidence,2,eb2004d489a443f783eb61c374f94977,14,10.250119,True,99146,97643,1
4/4,4,recordEvidence,2,eb2004d489a443f783eb61c374f94977,15,10.216664,True,99146,97655,1
4/4,4,recordEvidence,2,eb2004d489a443f783eb61c374f94977,16,10.430574,True,99146,97655,1
4/4,4,recordEvidence,2,eb2004d489a443f783eb61c374f94977,17,10.424881,True,99146,97655,1
4/4,4,recordEvidence,2,eb2004d489a443f783eb61c374f94977,18,10.342584,True,99146,97643,1
4/4,4,recordEvidence,2,eb2004d489a443f783eb61c374f94977,19,10.397562,True,99146,97655,1
4/4,4,recordEvidence,2,eb2004d489a443f783eb61c374f94977,20,10.384186,True,99146,97655,1
4/4,4,recordEvidence,2,eb2004d489a443f783eb61c374f94977,21,10.073823,True,99146,97655,1
4/4,4,recordEvidence,2,eb2004d489a443f783eb61c374f94977,22,10.094228,True,99146,97643,1
4/4,4,recordEvidence,2,eb2004d489a443f783eb61c374f94977,23,10.252981,True,99146,97643,1
4/4,4,recordEvidence,2,eb2004d489a443f783eb61c374f94977,24,10.110978,True,99146,97643,1
4/4,4,recordEvidence,2,eb2004d489a443f783eb61c374f94977,25,10.205741,True,99146,97655,1
4/4,4,recordEvidence,2,eb2004d489a443f783eb61c374f94977,26,10.211284,True,99146,97655,1
4/4,4,recordEvidence,2,eb2004d489a443f783eb61c374f94977,27,10.334118,True,99146,97643,1
4/4,4,recordEvidence,2,eb2004d489a443f783eb61c374f94977,28,10.037526,True,99146,97655,1
4/4,4,recordEvidence,2,eb2004d489a443f783eb61c374f94977,29,10.019220,True,99146,97643,1
4/4,4,recordEvidence,2,eb2004d489a443f783eb61c374f94977,30,10.319322,True,99146,97631,1
4/4,4,recordEvidence,2,eb2004d489a443f783eb61c374f94977,31,10.026221,True,99146,97643,1
4/4,4,recordEvidence,2,eb2004d489a443f783eb61c374f94977,32,10.328236,True,99146,97655,1
4/4,4,recordEvidence,2,eb2004d489a443f783eb61c374f94977,33,10.008162,True,99146,97655,1
4/4,4,recordEvidence,2,eb2004d489a443f783eb61c374f94977,34,10.225038,True,99146,97655,1
4/4,4,recordEvidence,2,eb2004d489a443f783eb61c374f94977,35,10.242439,True,99146,97619,1
4/4,4,recordEvidence,2,eb2004d489a443f783eb61c374f94977,36,10.052371,True,99146,97631,1
4/4,4,recordEvidence,2,eb2004d489a443f783eb61c374f94977,37,10.235421,True,99146,97643,1
4/4,4,recordEvidence,2,eb2004d489a443f783eb61c374f94977,38,10.266782,True,99146,97655,1
4/4,4,recordEvidence,2,eb2004d489a443f783eb61c374f94977,39,10.223126,True,99146,97655,1
4/4,4,recordEvidence,2,eb2004d489a443f783eb61c374f94977,40,9.963013,True,99146,97655,1
4/4,4,recordEvidence,2,eb2004d489a443f783eb61c374f94977,41,10.260583,True,99146,97643,1
4/4,4,recordEvidence,2,eb2004d489a443f783eb61c374f94977,42,10.253602,True,99146,97655,1
4/4,4,recordEvidence,2,eb2004d489a443f783eb61c374f94977,43,10.257406,True,99146,97655,1
4/4,4,recordEvidence,2,eb2004d489a443f783eb61c374f94977,44,10.212013,True,99146,97655,1
4/4,4,recordEvidence,2,eb2004d489a443f783eb61c374f94977,45,9.962685,True,99146,97655,1
4/4,4,recordEvidence,2,eb2004d489a443f783eb61c374f94977,46,10.020305,True,99146,97655,1
4/4,4,recordEvidence,2,eb2004d489a443f783eb61c374f94977,47,10.164097,True,99146,97655,1
4/4,4,recordEvidence,2,eb2004d489a443f783eb61c374f94977,48,10.073226,True,99146,97655,1
4/4,4,recordEvidence,2,eb2004d489a443f783eb61c374f94977,49,15.004095,True,99147,97643,1
4/4,4,recordEvidence,2,eb2004d489a443f783eb61c374f94977,50,15.020279,True,99147,97655,1
4/4,4,recordEvidence,2,eb2004d489a443f783eb61c374f94977,51,14.967685,True,99147,97655,1
4/4,4,recordEvidence,2,eb2004d489a443f783eb61c374f94977,52,14.760994,True,99147,97655,1
4/4,4,recordEvidence,2,eb2004d489a443f783eb61c374f94977,53,14.764433,True,99147,97643,1
4/4,4,recordEvidence,2,eb2004d489a443f783eb61c374f94977,54,14.966837,True,99147,97643,1
4/4,4,recordEvidence,2,eb2004d489a443f783eb61c374f94977,55,14.954517,True,99147,97655,1
4/4,4,recordEvidence,2,eb2004d489a443f783eb61c374f94977,56,14.931854,True,99147,97655,1
4/4,4,recordEvidence,2,eb2004d489a443f783eb61c374f94977,57,14.952271,True,99147,97655,1
4/4,4,recordEvidence,2,eb2004d489a443f783eb61c374f94977,58,14.799756,True,99147,97655,1
4/4,4,recordEvidence,2,eb2004d489a443f783eb61c374f94977,59,14.913186,True,99147,97631,1
4/4,4,recordEvidence,2,eb2004d489a443f783eb61c374f94977,60,14.841927,True,99147,97643,1
4/4,4,recordEvidence,2,eb2004d489a443f783eb61c374f94977,61,14.898830,True,99147,97643,1
4/4,4,recordEvidence,2,eb2004d489a443f783eb61c374f94977,62,14.898466,True,99147,97655,1
4/4,4,recordEvidence,2,eb2004d489a443f783eb61c374f94977,63,14.641753,True,99147,97643,1
4/4,4,recordEvidence,2,eb2004d489a443f783eb61c374f94977,64,14.704946,True,99147,97655,1
4/4,4,recordEvidence,2,eb2004d489a443f783eb61c374f94977,65,14.785754,True,99147,97643,1
4/4,4,recordEvidence,2,eb2004d489a443f783eb61c374f94977,66,14.782540,True,99147,97655,1
4/4,4,recordEvidence,2,eb2004d489a443f783eb61c374f94977,67,14.797946,True,99147,97655,1
4/4,4,recordEvidence,2,eb2004d489a443f783eb61c374f94977,68,14.631359,True,99147,97643,1
4/4,4,recordEvidence,2,eb2004d489a443f783eb61c374f94977,69,14.833990,True,99147,97655,1
4/4,4,recordEvidence,2,eb2004d489a443f783eb61c374f94977,70,14.739455,True,99147,97631,1
4/4,4,recordEvidence,2,eb2004d489a443f783eb61c374f94977,71,14.876447,True,99147,97643,1
4/4,4,recordEvidence,2,eb2004d489a443f783eb61c374f94977,72,14.566619,True,99147,97655,1
4/4,4,recordEvidence,2,eb2004d489a443f783eb61c374f94977,73,14.858251,True,99147,97643,1
4/4,4,recordEvidence,2,eb2004d489a443f783eb61c374f94977,74,14.762707,True,99147,97655,1
4/4,4,recordEvidence,2,eb2004d489a443f783eb61c374f94977,75,14.580602,True,99147,97655,1
4/4,4,recordEvidence,2,eb2004d489a443f783eb61c374f94977,76,14.633672,True,99147,97655,1
4/4,4,recordEvidence,2,eb2004d489a443f783eb61c374f94977,77,14.568211,True,99147,97643,1
4/4,4,recordEvidence,2,eb2004d489a443f783eb61c374f94977,78,14.792332,True,99147,97643,1
4/4,4,recordEvidence,2,eb2004d489a443f783eb61c374f94977,79,14.800358,True,99147,97643,1
4/4,4,recordEvidence,2,eb2004d489a443f783eb61c374f94977,80,14.808208,True,99147,97655,1
4/4,4,recordEvidence,2,eb2004d489a443f783eb61c374f94977,81,14.557898,True,99147,97643,1
4/4,4,recordEvidence,2,eb2004d489a443f783eb61c374f94977,82,14.806026,True,99147,97655,1
4/4,4,recordEvidence,2,eb2004d489a443f783eb61c374f94977,83,14.515795,True,99147,97655,1
4/4,4,recordEvidence,2,eb2004d489a443f783eb61c374f94977,84,14.780920,True,99147,97655,1
4/4,4,recordEvidence,2,eb2004d489a443f783eb61c374f94977,85,14.555345,True,99147,97643,1
4/4,4,recordEvidence,2,eb2004d489a443f783eb61c374f94977,86,14.752853,True,99147,97655,1
4/4,4,recordEvidence,2,eb2004d489a443f783eb61c374f94977,87,14.698856,True,99147,97655,1
4/4,4,recordEvidence,2,eb2004d489a443f783eb61c374f94977,88,14.700492,True,99147,97655,1
4/4,4,recordEvidence,2,eb2004d489a443f783eb61c374f94977,89,14.694381,True,99147,97655,1
4/4,4,recordEvidence,2,eb2004d489a443f783eb61c374f94977,90,14.705328,True,99147,97643,1
4/4,4,recordEvidence,2,eb2004d489a443f783eb61c374f94977,91,14.653211,True,99147,97655,1
4/4,4,recordEvidence,2,eb2004d489a443f783eb61c374f94977,92,14.668592,True,99147,97655,1
4/4,4,recordEvidence,2,eb2004d489a443f783eb61c374f94977,93,14.593296,True,99147,97655,1
4/4,4,recordEvidence,2,eb2004d489a443f783eb61c374f94977,94,14.365123,True,99147,97643,1
4/4,4,recordEvidence,2,eb2004d489a443f783eb61c374f94977,95,14.666138,True,99147,97643,1
4/4,4,recordEvidence,2,eb2004d489a443f783eb61c374f94977,96,14.656396,True,99147,97655,1
4/4,4,recordEvidence,2,eb2004d489a443f783eb61c374f94977,97,14.653412,True,99147,97655,1
4/4,4,recordEvidence,2,eb2004d489a443f783eb61c374f94977,98,18.838907,True,99148,97655,1
4/4,4,recordEvidence,2,eb2004d489a443f783eb61c374f94977,99,18.876317,True,99148,97655,1
4/4,4,recordEvidence,2,eb2004d489a443f783eb61c374f94977,100,14.553194,True,99147,97655,1
4/4,4,recordEvidence,3,4ed97cfd0462473aa183a3895113bb33,1,10.726500,True,99150,97655,1
4/4,4,recordEvidence,3,4ed97cfd0462473aa183a3895113bb33,2,10.835362,True,99150,97655,1
4/4,4,recordEvidence,3,4ed97cfd0462473aa183a3895113bb33,3,10.903861,True,99150,97655,1
4/4,4,recordEvidence,3,4ed97cfd0462473aa183a3895113bb33,4,10.645971,True,99150,97655,1
4/4,4,recordEvidence,3,4ed97cfd0462473aa183a3895113bb33,5,10.881942,True,99150,97655,1
4/4,4,recordEvidence,3,4ed97cfd0462473aa183a3895113bb33,6,10.848854,True,99150,97655,1
4/4,4,recordEvidence,3,4ed97cfd0462473aa183a3895113bb33,7,10.781877,True,99150,97655,1
4/4,4,recordEvidence,3,4ed97cfd0462473aa183a3895113bb33,8,10.611573,True,99150,97655,1
4/4,4,recordEvidence,3,4ed97cfd0462473aa183a3895113bb33,9,10.483700,True,99150,97655,1
4/4,4,recordEvidence,3,4ed97cfd0462473aa183a3895113bb33,10,10.784171,True,99150,97655,1
4/4,4,recordEvidence,3,4ed97cfd0462473aa183a3895113bb33,11,10.787140,True,99150,97643,1
4/4,4,recordEvidence,3,4ed97cfd0462473aa183a3895113bb33,12,10.777752,True,99150,97655,1
4/4,4,recordEvidence,3,4ed97cfd0462473aa183a3895113bb33,13,10.686275,True,99150,97655,1
4/4,4,recordEvidence,3,4ed97cfd0462473aa183a3895113bb33,14,10.732488,True,99150,97655,1
4/4,4,recordEvidence,3,4ed97cfd0462473aa183a3895113bb33,15,10.524926,True,99150,97655,1
4/4,4,recordEvidence,3,4ed97cfd0462473aa183a3895113bb33,16,10.640018,True,99150,97655,1
4/4,4,recordEvidence,3,4ed97cfd0462473aa183a3895113bb33,17,10.528456,True,99150,97655,1
4/4,4,recordEvidence,3,4ed97cfd0462473aa183a3895113bb33,18,10.531597,True,99150,97655,1
4/4,4,recordEvidence,3,4ed97cfd0462473aa183a3895113bb33,19,10.649142,True,99150,97631,1
4/4,4,recordEvidence,3,4ed97cfd0462473aa183a3895113bb33,20,10.632169,True,99150,97655,1
4/4,4,recordEvidence,3,4ed97cfd0462473aa183a3895113bb33,21,10.487271,True,99150,97655,1
4/4,4,recordEvidence,3,4ed97cfd0462473aa183a3895113bb33,22,10.703322,True,99150,97655,1
4/4,4,recordEvidence,3,4ed97cfd0462473aa183a3895113bb33,23,10.673657,True,99150,97643,1
4/4,4,recordEvidence,3,4ed97cfd0462473aa183a3895113bb33,24,10.657106,True,99150,97643,1
4/4,4,recordEvidence,3,4ed97cfd0462473aa183a3895113bb33,25,10.637211,True,99150,97643,1
4/4,4,recordEvidence,3,4ed97cfd0462473aa183a3895113bb33,26,10.517826,True,99150,97655,1
4/4,4,recordEvidence,3,4ed97cfd0462473aa183a3895113bb33,27,10.684039,True,99150,97655,1
4/4,4,recordEvidence,3,4ed97cfd0462473aa183a3895113bb33,28,10.675909,True,99150,97655,1
4/4,4,recordEvidence,3,4ed97cfd0462473aa183a3895113bb33,29,10.637280,True,99150,97655,1
4/4,4,recordEvidence,3,4ed97cfd0462473aa183a3895113bb33,30,10.598960,True,99150,97655,1
4/4,4,recordEvidence,3,4ed97cfd0462473aa183a3895113bb33,31,10.534749,True,99150,97643,1
4/4,4,recordEvidence,3,4ed97cfd0462473aa183a3895113bb33,32,10.651376,True,99150,97655,1
4/4,4,recordEvidence,3,4ed97cfd0462473aa183a3895113bb33,33,10.540563,True,99150,97655,1
4/4,4,recordEvidence,3,4ed97cfd0462473aa183a3895113bb33,34,10.287000,True,99150,97655,1
4/4,4,recordEvidence,3,4ed97cfd0462473aa183a3895113bb33,35,10.639060,True,99150,97655,1
4/4,4,recordEvidence,3,4ed97cfd0462473aa183a3895113bb33,36,10.637897,True,99150,97655,1
4/4,4,recordEvidence,3,4ed97cfd0462473aa183a3895113bb33,37,10.610596,True,99150,97655,1
4/4,4,recordEvidence,3,4ed97cfd0462473aa183a3895113bb33,38,10.602926,True,99150,97655,1
4/4,4,recordEvidence,3,4ed97cfd0462473aa183a3895113bb33,39,10.443700,True,99150,97643,1
4/4,4,recordEvidence,3,4ed97cfd0462473aa183a3895113bb33,40,10.460551,True,99150,97655,1
4/4,4,recordEvidence,3,4ed97cfd0462473aa183a3895113bb33,41,10.522222,True,99150,97655,1
4/4,4,recordEvidence,3,4ed97cfd0462473aa183a3895113bb33,42,10.535476,True,99150,97655,1
4/4,4,recordEvidence,3,4ed97cfd0462473aa183a3895113bb33,43,10.233781,True,99150,97643,1
4/4,4,recordEvidence,3,4ed97cfd0462473aa183a3895113bb33,44,10.534894,True,99150,97655,1
4/4,4,recordEvidence,3,4ed97cfd0462473aa183a3895113bb33,45,10.560544,True,99150,97655,1
4/4,4,recordEvidence,3,4ed97cfd0462473aa183a3895113bb33,46,10.551213,True,99150,97655,1
4/4,4,recordEvidence,3,4ed97cfd0462473aa183a3895113bb33,47,10.197312,True,99150,97655,1
4/4,4,recordEvidence,3,4ed97cfd0462473aa183a3895113bb33,48,10.468009,True,99150,97655,1
4/4,4,recordEvidence,3,4ed97cfd0462473aa183a3895113bb33,49,10.380546,True,99150,97631,1
4/4,4,recordEvidence,3,4ed97cfd0462473aa183a3895113bb33,50,10.356350,True,99150,97655,1
4/4,4,recordEvidence,3,4ed97cfd0462473aa183a3895113bb33,51,10.465457,True,99150,97655,1
4/4,4,recordEvidence,3,4ed97cfd0462473aa183a3895113bb33,52,10.286511,True,99150,97643,1
4/4,4,recordEvidence,3,4ed97cfd0462473aa183a3895113bb33,53,10.378619,True,99150,97655,1
4/4,4,recordEvidence,3,4ed97cfd0462473aa183a3895113bb33,54,15.152465,True,99151,97643,1
4/4,4,recordEvidence,3,4ed97cfd0462473aa183a3895113bb33,55,15.113413,True,99151,97643,1
4/4,4,recordEvidence,3,4ed97cfd0462473aa183a3895113bb33,56,15.124772,True,99151,97631,1
4/4,4,recordEvidence,3,4ed97cfd0462473aa183a3895113bb33,57,10.332704,True,99150,97655,1
4/4,4,recordEvidence,3,4ed97cfd0462473aa183a3895113bb33,58,15.129282,True,99151,97655,1
4/4,4,recordEvidence,3,4ed97cfd0462473aa183a3895113bb33,59,15.115218,True,99151,97655,1
4/4,4,recordEvidence,3,4ed97cfd0462473aa183a3895113bb33,60,15.092921,True,99151,97655,1
4/4,4,recordEvidence,3,4ed97cfd0462473aa183a3895113bb33,61,15.125453,True,99151,97655,1
4/4,4,recordEvidence,3,4ed97cfd0462473aa183a3895113bb33,62,15.102619,True,99151,97655,1
4/4,4,recordEvidence,3,4ed97cfd0462473aa183a3895113bb33,63,15.117508,True,99151,97655,1
4/4,4,recordEvidence,3,4ed97cfd0462473aa183a3895113bb33,64,15.081117,True,99151,97655,1
4/4,4,recordEvidence,3,4ed97cfd0462473aa183a3895113bb33,65,14.841945,True,99151,97655,1
4/4,4,recordEvidence,3,4ed97cfd0462473aa183a3895113bb33,66,14.988392,True,99151,97655,1
4/4,4,recordEvidence,3,4ed97cfd0462473aa183a3895113bb33,67,14.758084,True,99151,97655,1
4/4,4,recordEvidence,3,4ed97cfd0462473aa183a3895113bb33,68,14.893440,True,99151,97655,1
4/4,4,recordEvidence,3,4ed97cfd0462473aa183a3895113bb33,69,15.052505,True,99151,97655,1
4/4,4,recordEvidence,3,4ed97cfd0462473aa183a3895113bb33,70,14.815531,True,99151,97643,1
4/4,4,recordEvidence,3,4ed97cfd0462473aa183a3895113bb33,71,14.812810,True,99151,97655,1
4/4,4,recordEvidence,3,4ed97cfd0462473aa183a3895113bb33,72,14.694265,True,99151,97655,1
4/4,4,recordEvidence,3,4ed97cfd0462473aa183a3895113bb33,73,14.873689,True,99151,97643,1
4/4,4,recordEvidence,3,4ed97cfd0462473aa183a3895113bb33,74,14.764973,True,99151,97655,1
4/4,4,recordEvidence,3,4ed97cfd0462473aa183a3895113bb33,75,14.961792,True,99151,97643,1
4/4,4,recordEvidence,3,4ed97cfd0462473aa183a3895113bb33,76,14.964871,True,99151,97643,1
4/4,4,recordEvidence,3,4ed97cfd0462473aa183a3895113bb33,77,14.970620,True,99151,97655,1
4/4,4,recordEvidence,3,4ed97cfd0462473aa183a3895113bb33,78,14.909763,True,99151,97655,1
4/4,4,recordEvidence,3,4ed97cfd0462473aa183a3895113bb33,79,14.641097,True,99151,97655,1
4/4,4,recordEvidence,3,4ed97cfd0462473aa183a3895113bb33,80,14.621827,True,99151,97619,1
4/4,4,recordEvidence,3,4ed97cfd0462473aa183a3895113bb33,81,14.976156,True,99151,97655,1
4/4,4,recordEvidence,3,4ed97cfd0462473aa183a3895113bb33,82,14.818058,True,99151,97655,1
4/4,4,recordEvidence,3,4ed97cfd0462473aa183a3895113bb33,83,14.768879,True,99151,97655,1
4/4,4,recordEvidence,3,4ed97cfd0462473aa183a3895113bb33,84,14.874925,True,99151,97643,1
4/4,4,recordEvidence,3,4ed97cfd0462473aa183a3895113bb33,85,14.915166,True,99151,97655,1
4/4,4,recordEvidence,3,4ed97cfd0462473aa183a3895113bb33,86,14.961949,True,99151,97643,1
4/4,4,recordEvidence,3,4ed97cfd0462473aa183a3895113bb33,87,14.948351,True,99151,97655,1
4/4,4,recordEvidence,3,4ed97cfd0462473aa183a3895113bb33,88,14.840967,True,99151,97643,1
4/4,4,recordEvidence,3,4ed97cfd0462473aa183a3895113bb33,89,14.904235,True,99151,97643,1
4/4,4,recordEvidence,3,4ed97cfd0462473aa183a3895113bb33,90,14.737589,True,99151,97655,1
4/4,4,recordEvidence,3,4ed97cfd0462473aa183a3895113bb33,91,14.885366,True,99151,97655,1
4/4,4,recordEvidence,3,4ed97cfd0462473aa183a3895113bb33,92,14.587218,True,99151,97643,1
4/4,4,recordEvidence,3,4ed97cfd0462473aa183a3895113bb33,93,14.874633,True,99151,97655,1
4/4,4,recordEvidence,3,4ed97cfd0462473aa183a3895113bb33,94,14.847056,True,99151,97631,1
4/4,4,recordEvidence,3,4ed97cfd0462473aa183a3895113bb33,95,14.683326,True,99151,97655,1
4/4,4,recordEvidence,3,4ed97cfd0462473aa183a3895113bb33,96,14.872334,True,99151,97655,1
4/4,4,recordEvidence,3,4ed97cfd0462473aa183a3895113bb33,97,14.486858,True,99151,97643,1
4/4,4,recordEvidence,3,4ed97cfd0462473aa183a3895113bb33,98,14.835254,True,99151,97655,1
4/4,4,recordEvidence,3,4ed97cfd0462473aa183a3895113bb33,99,14.855194,True,99151,97655,1
4/4,4,recordEvidence,3,4ed97cfd0462473aa183a3895113bb33,100,14.692634,True,99151,97655,1
3/4,3,recordEvidence,1,97a5b8ade4214e73b5cb2db9d247bb35,1,10.178688,True,100127,97655,1
3/4,3,recordEvidence,1,97a5b8ade4214e73b5cb2db9d247bb35,2,10.401513,True,100127,97655,1
3/4,3,recordEvidence,1,97a5b8ade4214e73b5cb2db9d247bb35,3,10.416273,True,100127,97655,1
3/4,3,recordEvidence,1,97a5b8ade4214e73b5cb2db9d247bb35,4,10.226673,True,100127,97655,1
3/4,3,recordEvidence,1,97a5b8ade4214e73b5cb2db9d247bb35,5,10.183346,True,100127,97643,1
3/4,3,recordEvidence,1,97a5b8ade4214e73b5cb2db9d247bb35,6,10.387649,True,100127,97643,1
3/4,3,recordEvidence,1,97a5b8ade4214e73b5cb2db9d247bb35,7,10.364091,True,100127,97643,1
3/4,3,recordEvidence,1,97a5b8ade4214e73b5cb2db9d247bb35,8,10.355120,True,100127,97643,1
3/4,3,recordEvidence,1,97a5b8ade4214e73b5cb2db9d247bb35,9,10.341620,True,100127,97655,1
3/4,3,recordEvidence,1,97a5b8ade4214e73b5cb2db9d247bb35,10,10.206205,True,100127,97655,1
3/4,3,recordEvidence,1,97a5b8ade4214e73b5cb2db9d247bb35,11,10.379304,True,100127,97655,1
3/4,3,recordEvidence,1,97a5b8ade4214e73b5cb2db9d247bb35,12,10.210717,True,100127,97655,1
3/4,3,recordEvidence,1,97a5b8ade4214e73b5cb2db9d247bb35,13,10.282318,True,100127,97655,1
3/4,3,recordEvidence,1,97a5b8ade4214e73b5cb2db9d247bb35,14,10.054096,True,100127,97655,1
3/4,3,recordEvidence,1,97a5b8ade4214e73b5cb2db9d247bb35,15,10.122086,True,100127,97643,1
3/4,3,recordEvidence,1,97a5b8ade4214e73b5cb2db9d247bb35,16,10.314296,True,100127,97643,1
3/4,3,recordEvidence,1,97a5b8ade4214e73b5cb2db9d247bb35,17,10.325877,True,100127,97631,1
3/4,3,recordEvidence,1,97a5b8ade4214e73b5cb2db9d247bb35,18,10.069398,True,100127,97655,1
3/4,3,recordEvidence,1,97a5b8ade4214e73b5cb2db9d247bb35,19,10.114015,True,100127,97643,1
3/4,3,recordEvidence,1,97a5b8ade4214e73b5cb2db9d247bb35,20,10.253999,True,100127,97655,1
3/4,3,recordEvidence,1,97a5b8ade4214e73b5cb2db9d247bb35,21,10.181004,True,100127,97631,1
3/4,3,recordEvidence,1,97a5b8ade4214e73b5cb2db9d247bb35,22,10.298548,True,100127,97655,1
3/4,3,recordEvidence,1,97a5b8ade4214e73b5cb2db9d247bb35,23,10.173473,True,100127,97643,1
3/4,3,recordEvidence,1,97a5b8ade4214e73b5cb2db9d247bb35,24,9.985789,True,100127,97655,1
3/4,3,recordEvidence,1,97a5b8ade4214e73b5cb2db9d247bb35,25,9.921721,True,100127,97655,1
3/4,3,recordEvidence,1,97a5b8ade4214e73b5cb2db9d247bb35,26,10.000269,True,100127,97643,1
3/4,3,recordEvidence,1,97a5b8ade4214e73b5cb2db9d247bb35,27,10.217949,True,100127,97655,1
3/4,3,recordEvidence,1,97a5b8ade4214e73b5cb2db9d247bb35,28,10.227128,True,100127,97643,1
3/4,3,recordEvidence,1,97a5b8ade4214e73b5cb2db9d247bb35,29,10.007560,True,100127,97655,1
3/4,3,recordEvidence,1,97a5b8ade4214e73b5cb2db9d247bb35,30,9.871406,True,100127,97655,1
3/4,3,recordEvidence,1,97a5b8ade4214e73b5cb2db9d247bb35,31,9.934175,True,100127,97655,1
3/4,3,recordEvidence,1,97a5b8ade4214e73b5cb2db9d247bb35,32,10.147439,True,100127,97655,1
3/4,3,recordEvidence,1,97a5b8ade4214e73b5cb2db9d247bb35,33,9.930526,True,100127,97643,1
3/4,3,recordEvidence,1,97a5b8ade4214e73b5cb2db9d247bb35,34,10.156615,True,100127,97643,1
3/4,3,recordEvidence,1,97a5b8ade4214e73b5cb2db9d247bb35,35,10.157522,True,100127,97643,1
3/4,3,recordEvidence,1,97a5b8ade4214e73b5cb2db9d247bb35,36,10.158379,True,100127,97655,1
3/4,3,recordEvidence,1,97a5b8ade4214e73b5cb2db9d247bb35,37,10.115448,True,100127,97655,1
3/4,3,recordEvidence,1,97a5b8ade4214e73b5cb2db9d247bb35,38,9.951386,True,100127,97643,1
3/4,3,recordEvidence,1,97a5b8ade4214e73b5cb2db9d247bb35,39,10.130834,True,100127,97643,1
3/4,3,recordEvidence,1,97a5b8ade4214e73b5cb2db9d247bb35,40,9.928723,True,100127,97643,1
3/4,3,recordEvidence,1,97a5b8ade4214e73b5cb2db9d247bb35,41,9.927438,True,100127,97655,1
3/4,3,recordEvidence,1,97a5b8ade4214e73b5cb2db9d247bb35,42,10.126110,True,100127,97655,1
3/4,3,recordEvidence,1,97a5b8ade4214e73b5cb2db9d247bb35,43,9.904337,True,100127,97643,1
3/4,3,recordEvidence,1,97a5b8ade4214e73b5cb2db9d247bb35,44,10.105564,True,100127,97631,1
3/4,3,recordEvidence,1,97a5b8ade4214e73b5cb2db9d247bb35,45,9.882717,True,100127,97655,1
3/4,3,recordEvidence,1,97a5b8ade4214e73b5cb2db9d247bb35,46,9.937359,True,100127,97643,1
3/4,3,recordEvidence,1,97a5b8ade4214e73b5cb2db9d247bb35,47,9.851013,True,100127,97655,1
3/4,3,recordEvidence,1,97a5b8ade4214e73b5cb2db9d247bb35,48,10.043874,True,100127,97655,1
3/4,3,recordEvidence,1,97a5b8ade4214e73b5cb2db9d247bb35,49,9.872188,True,100127,97643,1
3/4,3,recordEvidence,1,97a5b8ade4214e73b5cb2db9d247bb35,50,9.953370,True,100127,97655,1
3/4,3,recordEvidence,1,97a5b8ade4214e73b5cb2db9d247bb35,51,10.054176,True,100127,97655,1
3/4,3,recordEvidence,1,97a5b8ade4214e73b5cb2db9d247bb35,52,24.744032,True,100128,97643,1
3/4,3,recordEvidence,1,97a5b8ade4214e73b5cb2db9d247bb35,53,9.825847,True,100127,97655,1
3/4,3,recordEvidence,1,97a5b8ade4214e73b5cb2db9d247bb35,54,10.017385,True,100127,97655,1
3/4,3,recordEvidence,1,97a5b8ade4214e73b5cb2db9d247bb35,55,10.038771,True,100127,97655,1
3/4,3,recordEvidence,1,97a5b8ade4214e73b5cb2db9d247bb35,56,24.665977,True,100128,97643,1
3/4,3,recordEvidence,1,97a5b8ade4214e73b5cb2db9d247bb35,57,24.531043,True,100128,97655,1
3/4,3,recordEvidence,1,97a5b8ade4214e73b5cb2db9d247bb35,58,24.693362,True,100128,97655,1
3/4,3,recordEvidence,1,97a5b8ade4214e73b5cb2db9d247bb35,59,24.672992,True,100128,97655,1
3/4,3,recordEvidence,1,97a5b8ade4214e73b5cb2db9d247bb35,60,24.702211,True,100128,97643,1
3/4,3,recordEvidence,1,97a5b8ade4214e73b5cb2db9d247bb35,61,24.660383,True,100128,97655,1
3/4,3,recordEvidence,1,97a5b8ade4214e73b5cb2db9d247bb35,62,24.614662,True,100128,97643,1
3/4,3,recordEvidence,1,97a5b8ade4214e73b5cb2db9d247bb35,63,24.465653,True,100128,97643,1
3/4,3,recordEvidence,1,97a5b8ade4214e73b5cb2db9d247bb35,64,24.578611,True,100128,97643,1
3/4,3,recordEvidence,1,97a5b8ade4214e73b5cb2db9d247bb35,65,24.445931,True,100128,97655,1
3/4,3,recordEvidence,1,97a5b8ade4214e73b5cb2db9d247bb35,66,24.611908,True,100128,97655,1
3/4,3,recordEvidence,1,97a5b8ade4214e73b5cb2db9d247bb35,67,24.646697,True,100128,97655,1
3/4,3,recordEvidence,1,97a5b8ade4214e73b5cb2db9d247bb35,68,24.435695,True,100128,97655,1
3/4,3,recordEvidence,1,97a5b8ade4214e73b5cb2db9d247bb35,69,24.424861,True,100128,97643,1
3/4,3,recordEvidence,1,97a5b8ade4214e73b5cb2db9d247bb35,70,24.418380,True,100128,97643,1
3/4,3,recordEvidence,1,97a5b8ade4214e73b5cb2db9d247bb35,71,24.438118,True,100128,97655,1
3/4,3,recordEvidence,1,97a5b8ade4214e73b5cb2db9d247bb35,72,24.293645,True,100128,97655,1
3/4,3,recordEvidence,1,97a5b8ade4214e73b5cb2db9d247bb35,73,24.475340,True,100128,97655,1
3/4,3,recordEvidence,1,97a5b8ade4214e73b5cb2db9d247bb35,74,24.607302,True,100128,97619,1
3/4,3,recordEvidence,1,97a5b8ade4214e73b5cb2db9d247bb35,75,24.466013,True,100128,97655,1
3/4,3,recordEvidence,1,97a5b8ade4214e73b5cb2db9d247bb35,76,24.382653,True,100128,97643,1
3/4,3,recordEvidence,1,97a5b8ade4214e73b5cb2db9d247bb35,77,24.563767,True,100128,97631,1
3/4,3,recordEvidence,1,97a5b8ade4214e73b5cb2db9d247bb35,78,24.433585,True,100128,97655,1
3/4,3,recordEvidence,1,97a5b8ade4214e73b5cb2db9d247bb35,79,24.549962,True,100128,97655,1
3/4,3,recordEvidence,1,97a5b8ade4214e73b5cb2db9d247bb35,80,24.549867,True,100128,97643,1
3/4,3,recordEvidence,1,97a5b8ade4214e73b5cb2db9d247bb35,81,24.375848,True,100128,97643,1
3/4,3,recordEvidence,1,97a5b8ade4214e73b5cb2db9d247bb35,82,24.548665,True,100128,97655,1
3/4,3,recordEvidence,1,97a5b8ade4214e73b5cb2db9d247bb35,83,24.505781,True,100128,97631,1
3/4,3,recordEvidence,1,97a5b8ade4214e73b5cb2db9d247bb35,84,24.363722,True,100128,97643,1
3/4,3,recordEvidence,1,97a5b8ade4214e73b5cb2db9d247bb35,85,24.336553,True,100128,97655,1
3/4,3,recordEvidence,1,97a5b8ade4214e73b5cb2db9d247bb35,86,24.500528,True,100128,97655,1
3/4,3,recordEvidence,1,97a5b8ade4214e73b5cb2db9d247bb35,87,24.457357,True,100128,97655,1
3/4,3,recordEvidence,1,97a5b8ade4214e73b5cb2db9d247bb35,88,24.456451,True,100128,97655,1
3/4,3,recordEvidence,1,97a5b8ade4214e73b5cb2db9d247bb35,89,24.497480,True,100128,97655,1
3/4,3,recordEvidence,1,97a5b8ade4214e73b5cb2db9d247bb35,90,24.464855,True,100128,97655,1
3/4,3,recordEvidence,1,97a5b8ade4214e73b5cb2db9d247bb35,91,24.423164,True,100128,97655,1
3/4,3,recordEvidence,1,97a5b8ade4214e73b5cb2db9d247bb35,92,24.481939,True,100128,97655,1
3/4,3,recordEvidence,1,97a5b8ade4214e73b5cb2db9d247bb35,93,24.327544,True,100128,97655,1
3/4,3,recordEvidence,1,97a5b8ade4214e73b5cb2db9d247bb35,94,24.466016,True,100128,97655,1
3/4,3,recordEvidence,1,97a5b8ade4214e73b5cb2db9d247bb35,95,24.442972,True,100128,97655,1
3/4,3,recordEvidence,1,97a5b8ade4214e73b5cb2db9d247bb35,96,24.112962,True,100128,97655,1
3/4,3,recordEvidence,1,97a5b8ade4214e73b5cb2db9d247bb35,97,24.247138,True,100128,97655,1
3/4,3,recordEvidence,1,97a5b8ade4214e73b5cb2db9d247bb35,98,24.276801,True,100128,97643,1
3/4,3,recordEvidence,1,97a5b8ade4214e73b5cb2db9d247bb35,99,24.359812,True,100128,97655,1
3/4,3,recordEvidence,1,97a5b8ade4214e73b5cb2db9d247bb35,100,24.129987,True,100128,97655,1
3/4,3,recordEvidence,2,dfc448af518646ee9c470405c44644eb,1,9.731469,True,100130,97655,1
3/4,3,recordEvidence,2,dfc448af518646ee9c470405c44644eb,2,10.096250,True,100130,97655,1
3/4,3,recordEvidence,2,dfc448af518646ee9c470405c44644eb,3,10.002060,True,100130,97655,1
3/4,3,recordEvidence,2,dfc448af518646ee9c470405c44644eb,4,10.084428,True,100130,97643,1
3/4,3,recordEvidence,2,dfc448af518646ee9c470405c44644eb,5,9.916160,True,100130,97655,1
3/4,3,recordEvidence,2,dfc448af518646ee9c470405c44644eb,6,10.040478,True,100130,97655,1
3/4,3,recordEvidence,2,dfc448af518646ee9c470405c44644eb,7,10.009511,True,100130,97655,1
3/4,3,recordEvidence,2,dfc448af518646ee9c470405c44644eb,8,9.739287,True,100130,97655,1
3/4,3,recordEvidence,2,dfc448af518646ee9c470405c44644eb,9,10.023579,True,100130,97655,1
3/4,3,recordEvidence,2,dfc448af518646ee9c470405c44644eb,10,9.925849,True,100130,97655,1
3/4,3,recordEvidence,2,dfc448af518646ee9c470405c44644eb,11,10.025128,True,100130,97655,1
3/4,3,recordEvidence,2,dfc448af518646ee9c470405c44644eb,12,9.822266,True,100130,97643,1
3/4,3,recordEvidence,2,dfc448af518646ee9c470405c44644eb,13,10.035494,True,100130,97655,1
3/4,3,recordEvidence,2,dfc448af518646ee9c470405c44644eb,14,10.048187,True,100130,97655,1
3/4,3,recordEvidence,2,dfc448af518646ee9c470405c44644eb,15,9.979929,True,100130,97655,1
3/4,3,recordEvidence,2,dfc448af518646ee9c470405c44644eb,16,9.909250,True,100130,97643,1
3/4,3,recordEvidence,2,dfc448af518646ee9c470405c44644eb,17,9.816340,True,100130,97655,1
3/4,3,recordEvidence,2,dfc448af518646ee9c470405c44644eb,18,9.831303,True,100130,97655,1
3/4,3,recordEvidence,2,dfc448af518646ee9c470405c44644eb,19,9.997508,True,100130,97655,1
3/4,3,recordEvidence,2,dfc448af518646ee9c470405c44644eb,20,9.720066,True,100130,97655,1
3/4,3,recordEvidence,2,dfc448af518646ee9c470405c44644eb,21,9.975254,True,100130,97655,1
3/4,3,recordEvidence,2,dfc448af518646ee9c470405c44644eb,22,9.970696,True,100130,97643,1
3/4,3,recordEvidence,2,dfc448af518646ee9c470405c44644eb,23,9.842796,True,100130,97655,1
3/4,3,recordEvidence,2,dfc448af518646ee9c470405c44644eb,24,9.733633,True,100130,97643,1
3/4,3,recordEvidence,2,dfc448af518646ee9c470405c44644eb,25,9.926268,True,100130,97643,1
3/4,3,recordEvidence,2,dfc448af518646ee9c470405c44644eb,26,9.928844,True,100130,97655,1
3/4,3,recordEvidence,2,dfc448af518646ee9c470405c44644eb,27,9.731340,True,100130,97643,1
3/4,3,recordEvidence,2,dfc448af518646ee9c470405c44644eb,28,9.931874,True,100130,97643,1
3/4,3,recordEvidence,2,dfc448af518646ee9c470405c44644eb,29,9.920199,True,100130,97655,1
3/4,3,recordEvidence,2,dfc448af518646ee9c470405c44644eb,30,9.727593,True,100130,97655,1
3/4,3,recordEvidence,2,dfc448af518646ee9c470405c44644eb,31,9.687559,True,100130,97655,1
3/4,3,recordEvidence,2,dfc448af518646ee9c470405c44644eb,32,9.838385,True,100130,97643,1
3/4,3,recordEvidence,2,dfc448af518646ee9c470405c44644eb,33,9.690397,True,100130,97655,1
3/4,3,recordEvidence,2,dfc448af518646ee9c470405c44644eb,34,9.774435,True,100130,97655,1
3/4,3,recordEvidence,2,dfc448af518646ee9c470405c44644eb,35,9.627085,True,100130,97655,1
3/4,3,recordEvidence,2,dfc448af518646ee9c470405c44644eb,36,9.674919,True,100130,97655,1
3/4,3,recordEvidence,2,dfc448af518646ee9c470405c44644eb,37,9.876305,True,100130,97643,1
3/4,3,recordEvidence,2,dfc448af518646ee9c470405c44644eb,38,9.769169,True,100130,97655,1
3/4,3,recordEvidence,2,dfc448af518646ee9c470405c44644eb,39,9.639355,True,100130,97655,1
3/4,3,recordEvidence,2,dfc448af518646ee9c470405c44644eb,40,9.862507,True,100130,97655,1
3/4,3,recordEvidence,2,dfc448af518646ee9c470405c44644eb,41,9.861130,True,100130,97655,1
3/4,3,recordEvidence,2,dfc448af518646ee9c470405c44644eb,42,9.833357,True,100130,97655,1
3/4,3,recordEvidence,2,dfc448af518646ee9c470405c44644eb,43,9.708081,True,100130,97655,1
3/4,3,recordEvidence,2,dfc448af518646ee9c470405c44644eb,44,9.558895,True,100130,97655,1
3/4,3,recordEvidence,2,dfc448af518646ee9c470405c44644eb,45,9.765017,True,100130,97643,1
3/4,3,recordEvidence,2,dfc448af518646ee9c470405c44644eb,46,9.535750,True,100130,97643,1
3/4,3,recordEvidence,2,dfc448af518646ee9c470405c44644eb,47,9.570593,True,100130,97643,1
3/4,3,recordEvidence,2,dfc448af518646ee9c470405c44644eb,48,9.370791,True,100130,97643,1
3/4,3,recordEvidence,2,dfc448af518646ee9c470405c44644eb,49,9.463864,True,100130,97655,1
3/4,3,recordEvidence,2,dfc448af518646ee9c470405c44644eb,50,9.534441,True,100130,97655,1
3/4,3,recordEvidence,2,dfc448af518646ee9c470405c44644eb,51,9.565767,True,100130,97655,1
3/4,3,recordEvidence,2,dfc448af518646ee9c470405c44644eb,52,9.519274,True,100130,97655,1
3/4,3,recordEvidence,2,dfc448af518646ee9c470405c44644eb,53,9.761181,True,100130,97655,1
3/4,3,recordEvidence,2,dfc448af518646ee9c470405c44644eb,54,24.435860,True,100131,97655,1
3/4,3,recordEvidence,2,dfc448af518646ee9c470405c44644eb,55,24.437113,True,100131,97655,1
3/4,3,recordEvidence,2,dfc448af518646ee9c470405c44644eb,56,24.346837,True,100131,97655,1
3/4,3,recordEvidence,2,dfc448af518646ee9c470405c44644eb,57,24.257420,True,100131,97655,1
3/4,3,recordEvidence,2,dfc448af518646ee9c470405c44644eb,58,24.453718,True,100131,97655,1
3/4,3,recordEvidence,2,dfc448af518646ee9c470405c44644eb,59,24.455669,True,100131,97643,1
3/4,3,recordEvidence,2,dfc448af518646ee9c470405c44644eb,60,24.424462,True,100131,97655,1
3/4,3,recordEvidence,2,dfc448af518646ee9c470405c44644eb,61,24.235732,True,100131,97655,1
3/4,3,recordEvidence,2,dfc448af518646ee9c470405c44644eb,62,24.399335,True,100131,97655,1
3/4,3,recordEvidence,2,dfc448af518646ee9c470405c44644eb,63,24.390764,True,100131,97643,1
3/4,3,recordEvidence,2,dfc448af518646ee9c470405c44644eb,64,24.211980,True,100131,97655,1
3/4,3,recordEvidence,2,dfc448af518646ee9c470405c44644eb,65,24.299500,True,100131,97643,1
3/4,3,recordEvidence,2,dfc448af518646ee9c470405c44644eb,66,24.370118,True,100131,97643,1
3/4,3,recordEvidence,2,dfc448af518646ee9c470405c44644eb,67,24.220810,True,100131,97655,1
3/4,3,recordEvidence,2,dfc448af518646ee9c470405c44644eb,68,24.378880,True,100131,97655,1
3/4,3,recordEvidence,2,dfc448af518646ee9c470405c44644eb,69,24.327100,True,100131,97655,1
3/4,3,recordEvidence,2,dfc448af518646ee9c470405c44644eb,70,24.144667,True,100131,97655,1
3/4,3,recordEvidence,2,dfc448af518646ee9c470405c44644eb,71,24.204211,True,100131,97655,1
3/4,3,recordEvidence,2,dfc448af518646ee9c470405c44644eb,72,24.100629,True,100131,97655,1
3/4,3,recordEvidence,2,dfc448af518646ee9c470405c44644eb,73,24.335213,True,100131,97643,1
3/4,3,recordEvidence,2,dfc448af518646ee9c470405c44644eb,74,24.351179,True,100131,97643,1
3/4,3,recordEvidence,2,dfc448af518646ee9c470405c44644eb,75,24.089941,True,100131,97643,1
3/4,3,recordEvidence,2,dfc448af518646ee9c470405c44644eb,76,24.277839,True,100131,97655,1
3/4,3,recordEvidence,2,dfc448af518646ee9c470405c44644eb,77,24.104109,True,100131,97631,1
3/4,3,recordEvidence,2,dfc448af518646ee9c470405c44644eb,78,24.282695,True,100131,97631,1
3/4,3,recordEvidence,2,dfc448af518646ee9c470405c44644eb,79,24.066600,True,100131,97643,1
3/4,3,recordEvidence,2,dfc448af518646ee9c470405c44644eb,80,24.136720,True,100131,97643,1
3/4,3,recordEvidence,2,dfc448af518646ee9c470405c44644eb,81,24.281082,True,100131,97655,1
3/4,3,recordEvidence,2,dfc448af518646ee9c470405c44644eb,82,24.303845,True,100131,97655,1
3/4,3,recordEvidence,2,dfc448af518646ee9c470405c44644eb,83,24.296808,True,100131,97631,1
3/4,3,recordEvidence,2,dfc448af518646ee9c470405c44644eb,84,24.243750,True,100131,97655,1
3/4,3,recordEvidence,2,dfc448af518646ee9c470405c44644eb,85,24.077679,True,100131,97655,1
3/4,3,recordEvidence,2,dfc448af518646ee9c470405c44644eb,86,24.291804,True,100131,97655,1
3/4,3,recordEvidence,2,dfc448af518646ee9c470405c44644eb,87,24.275864,True,100131,97655,1
3/4,3,recordEvidence,2,dfc448af518646ee9c470405c44644eb,88,24.236921,True,100131,97655,1
3/4,3,recordEvidence,2,dfc448af518646ee9c470405c44644eb,89,24.192538,True,100131,97643,1
3/4,3,recordEvidence,2,dfc448af518646ee9c470405c44644eb,90,24.035985,True,100131,97655,1
3/4,3,recordEvidence,2,dfc448af518646ee9c470405c44644eb,91,24.204804,True,100131,97643,1
3/4,3,recordEvidence,2,dfc448af518646ee9c470405c44644eb,92,24.131139,True,100131,97631,1
3/4,3,recordEvidence,2,dfc448af518646ee9c470405c44644eb,93,24.029006,True,100131,97655,1
3/4,3,recordEvidence,2,dfc448af518646ee9c470405c44644eb,94,24.122066,True,100131,97655,1
3/4,3,recordEvidence,2,dfc448af518646ee9c470405c44644eb,95,24.225178,True,100131,97655,1
3/4,3,recordEvidence,2,dfc448af518646ee9c470405c44644eb,96,23.966445,True,100131,97655,1
3/4,3,recordEvidence,2,dfc448af518646ee9c470405c44644eb,97,24.191340,True,100131,97655,1
3/4,3,recordEvidence,2,dfc448af518646ee9c470405c44644eb,98,24.184325,True,100131,97643,1
3/4,3,recordEvidence,2,dfc448af518646ee9c470405c44644eb,99,24.087532,True,100131,97655,1
3/4,3,recordEvidence,2,dfc448af518646ee9c470405c44644eb,100,24.178361,True,100131,97643,1
3/4,3,recordEvidence,3,ea55c270747841468b7cb7c0bee5936a,1,10.169611,True,100133,97643,1
3/4,3,recordEvidence,3,ea55c270747841468b7cb7c0bee5936a,2,9.974515,True,100133,97655,1
3/4,3,recordEvidence,3,ea55c270747841468b7cb7c0bee5936a,3,9.888119,True,100133,97643,1
3/4,3,recordEvidence,3,ea55c270747841468b7cb7c0bee5936a,4,10.176720,True,100133,97643,1
3/4,3,recordEvidence,3,ea55c270747841468b7cb7c0bee5936a,5,10.167403,True,100133,97655,1
3/4,3,recordEvidence,3,ea55c270747841468b7cb7c0bee5936a,6,9.861967,True,100133,97655,1
3/4,3,recordEvidence,3,ea55c270747841468b7cb7c0bee5936a,7,9.936819,True,100133,97655,1
3/4,3,recordEvidence,3,ea55c270747841468b7cb7c0bee5936a,8,10.033663,True,100133,97643,1
3/4,3,recordEvidence,3,ea55c270747841468b7cb7c0bee5936a,9,10.140448,True,100133,97655,1
3/4,3,recordEvidence,3,ea55c270747841468b7cb7c0bee5936a,10,10.129844,True,100133,97655,1
3/4,3,recordEvidence,3,ea55c270747841468b7cb7c0bee5936a,11,10.143702,True,100133,97655,1
3/4,3,recordEvidence,3,ea55c270747841468b7cb7c0bee5936a,12,9.784658,True,100133,97643,1
3/4,3,recordEvidence,3,ea55c270747841468b7cb7c0bee5936a,13,9.879524,True,100133,97655,1
3/4,3,recordEvidence,3,ea55c270747841468b7cb7c0bee5936a,14,9.875345,True,100133,97655,1
3/4,3,recordEvidence,3,ea55c270747841468b7cb7c0bee5936a,15,10.125592,True,100133,97655,1
3/4,3,recordEvidence,3,ea55c270747841468b7cb7c0bee5936a,16,10.025639,True,100133,97643,1
3/4,3,recordEvidence,3,ea55c270747841468b7cb7c0bee5936a,17,9.942505,True,100133,97655,1
3/4,3,recordEvidence,3,ea55c270747841468b7cb7c0bee5936a,18,9.972594,True,100133,97655,1
3/4,3,recordEvidence,3,ea55c270747841468b7cb7c0bee5936a,19,9.875321,True,100133,97655,1
3/4,3,recordEvidence,3,ea55c270747841468b7cb7c0bee5936a,20,9.840204,True,100133,97643,1
3/4,3,recordEvidence,3,ea55c270747841468b7cb7c0bee5936a,21,10.087256,True,100133,97655,1
3/4,3,recordEvidence,3,ea55c270747841468b7cb7c0bee5936a,22,10.070150,True,100133,97655,1
3/4,3,recordEvidence,3,ea55c270747841468b7cb7c0bee5936a,23,9.768059,True,100133,97655,1
3/4,3,recordEvidence,3,ea55c270747841468b7cb7c0bee5936a,24,10.008021,True,100133,97655,1
3/4,3,recordEvidence,3,ea55c270747841468b7cb7c0bee5936a,25,10.042201,True,100133,97655,1
3/4,3,recordEvidence,3,ea55c270747841468b7cb7c0bee5936a,26,9.701728,True,100133,97655,1
3/4,3,recordEvidence,3,ea55c270747841468b7cb7c0bee5936a,27,9.956141,True,100133,97655,1
3/4,3,recordEvidence,3,ea55c270747841468b7cb7c0bee5936a,28,10.021028,True,100133,97643,1
3/4,3,recordEvidence,3,ea55c270747841468b7cb7c0bee5936a,29,9.928828,True,100133,97655,1
3/4,3,recordEvidence,3,ea55c270747841468b7cb7c0bee5936a,30,9.726162,True,100133,97643,1
3/4,3,recordEvidence,3,ea55c270747841468b7cb7c0bee5936a,31,9.973170,True,100133,97655,1
3/4,3,recordEvidence,3,ea55c270747841468b7cb7c0bee5936a,32,9.745714,True,100133,97655,1
3/4,3,recordEvidence,3,ea55c270747841468b7cb7c0bee5936a,33,9.807731,True,100133,97655,1
3/4,3,recordEvidence,3,ea55c270747841468b7cb7c0bee5936a,34,9.790863,True,100133,97655,1
3/4,3,recordEvidence,3,ea55c270747841468b7cb7c0bee5936a,35,9.846689,True,100133,97655,1
3/4,3,recordEvidence,3,ea55c270747841468b7cb7c0bee5936a,36,10.008958,True,100133,97655,1
3/4,3,recordEvidence,3,ea55c270747841468b7cb7c0bee5936a,37,9.644177,True,100133,97655,1
3/4,3,recordEvidence,3,ea55c270747841468b7cb7c0bee5936a,38,9.986631,True,100133,97643,1
3/4,3,recordEvidence,3,ea55c270747841468b7cb7c0bee5936a,39,9.990980,True,100133,97655,1
3/4,3,recordEvidence,3,ea55c270747841468b7cb7c0bee5936a,40,9.875319,True,100133,97655,1
3/4,3,recordEvidence,3,ea55c270747841468b7cb7c0bee5936a,41,9.937958,True,100133,97631,1
3/4,3,recordEvidence,3,ea55c270747841468b7cb7c0bee5936a,42,9.846865,True,100133,97643,1
3/4,3,recordEvidence,3,ea55c270747841468b7cb7c0bee5936a,43,9.935305,True,100133,97655,1
3/4,3,recordEvidence,3,ea55c270747841468b7cb7c0bee5936a,44,9.750531,True,100133,97643,1
3/4,3,recordEvidence,3,ea55c270747841468b7cb7c0bee5936a,45,9.938672,True,100133,97655,1
3/4,3,recordEvidence,3,ea55c270747841468b7cb7c0bee5936a,46,9.927932,True,100133,97655,1
3/4,3,recordEvidence,3,ea55c270747841468b7cb7c0bee5936a,47,9.904399,True,100133,97655,1
3/4,3,recordEvidence,3,ea55c270747841468b7cb7c0bee5936a,48,9.657363,True,100133,97643,1
3/4,3,recordEvidence,3,ea55c270747841468b7cb7c0bee5936a,49,9.918050,True,100133,97655,1
3/4,3,recordEvidence,3,ea55c270747841468b7cb7c0bee5936a,50,9.861165,True,100133,97643,1
3/4,3,recordEvidence,3,ea55c270747841468b7cb7c0bee5936a,51,9.638764,True,100133,97655,1
3/4,3,recordEvidence,3,ea55c270747841468b7cb7c0bee5936a,52,24.683365,True,100134,97655,1
3/4,3,recordEvidence,3,ea55c270747841468b7cb7c0bee5936a,53,9.639342,True,100133,97643,1
3/4,3,recordEvidence,3,ea55c270747841468b7cb7c0bee5936a,54,9.785937,True,100133,97655,1
3/4,3,recordEvidence,3,ea55c270747841468b7cb7c0bee5936a,55,9.852233,True,100133,97643,1
3/4,3,recordEvidence,3,ea55c270747841468b7cb7c0bee5936a,56,24.643643,True,100134,97655,1
3/4,3,recordEvidence,3,ea55c270747841468b7cb7c0bee5936a,57,24.643385,True,100134,97655,1
3/4,3,recordEvidence,3,ea55c270747841468b7cb7c0bee5936a,58,24.564697,True,100134,97655,1
3/4,3,recordEvidence,3,ea55c270747841468b7cb7c0bee5936a,59,24.642156,True,100134,97655,1
3/4,3,recordEvidence,3,ea55c270747841468b7cb7c0bee5936a,60,24.380802,True,100134,97655,1
3/4,3,recordEvidence,3,ea55c270747841468b7cb7c0bee5936a,61,24.407415,True,100134,97655,1
3/4,3,recordEvidence,3,ea55c270747841468b7cb7c0bee5936a,62,24.586082,True,100134,97643,1
3/4,3,recordEvidence,3,ea55c270747841468b7cb7c0bee5936a,63,24.601345,True,100134,97643,1
3/4,3,recordEvidence,3,ea55c270747841468b7cb7c0bee5936a,64,24.463015,True,100134,97655,1
3/4,3,recordEvidence,3,ea55c270747841468b7cb7c0bee5936a,65,24.549125,True,100134,97655,1
3/4,3,recordEvidence,3,ea55c270747841468b7cb7c0bee5936a,66,24.579035,True,100134,97631,1
3/4,3,recordEvidence,3,ea55c270747841468b7cb7c0bee5936a,67,24.605349,True,100134,97655,1
3/4,3,recordEvidence,3,ea55c270747841468b7cb7c0bee5936a,68,24.556936,True,100134,97655,1
3/4,3,recordEvidence,3,ea55c270747841468b7cb7c0bee5936a,69,24.447887,True,100134,97655,1
3/4,3,recordEvidence,3,ea55c270747841468b7cb7c0bee5936a,70,24.524252,True,100134,97655,1
3/4,3,recordEvidence,3,ea55c270747841468b7cb7c0bee5936a,71,24.575652,True,100134,97655,1
3/4,3,recordEvidence,3,ea55c270747841468b7cb7c0bee5936a,72,24.567507,True,100134,97655,1
3/4,3,recordEvidence,3,ea55c270747841468b7cb7c0bee5936a,73,24.547260,True,100134,97655,1
3/4,3,recordEvidence,3,ea55c270747841468b7cb7c0bee5936a,74,24.258376,True,100134,97655,1
3/4,3,recordEvidence,3,ea55c270747841468b7cb7c0bee5936a,75,24.316123,True,100134,97643,1
3/4,3,recordEvidence,3,ea55c270747841468b7cb7c0bee5936a,76,24.513944,True,100134,97655,1
3/4,3,recordEvidence,3,ea55c270747841468b7cb7c0bee5936a,77,24.263850,True,100134,97643,1
3/4,3,recordEvidence,3,ea55c270747841468b7cb7c0bee5936a,78,24.479459,True,100134,97655,1
3/4,3,recordEvidence,3,ea55c270747841468b7cb7c0bee5936a,79,24.504980,True,100134,97655,1
3/4,3,recordEvidence,3,ea55c270747841468b7cb7c0bee5936a,80,24.432828,True,100134,97655,1
3/4,3,recordEvidence,3,ea55c270747841468b7cb7c0bee5936a,81,24.335797,True,100134,97655,1
3/4,3,recordEvidence,3,ea55c270747841468b7cb7c0bee5936a,82,24.428228,True,100134,97655,1
3/4,3,recordEvidence,3,ea55c270747841468b7cb7c0bee5936a,83,24.444571,True,100134,97643,1
3/4,3,recordEvidence,3,ea55c270747841468b7cb7c0bee5936a,84,24.192756,True,100134,97655,1
3/4,3,recordEvidence,3,ea55c270747841468b7cb7c0bee5936a,85,24.380474,True,100134,97655,1
3/4,3,recordEvidence,3,ea55c270747841468b7cb7c0bee5936a,86,24.304077,True,100134,97655,1
3/4,3,recordEvidence,3,ea55c270747841468b7cb7c0bee5936a,87,24.400639,True,100134,97655,1
3/4,3,recordEvidence,3,ea55c270747841468b7cb7c0bee5936a,88,24.300079,True,100134,97655,1
3/4,3,recordEvidence,3,ea55c270747841468b7cb7c0bee5936a,89,24.296029,True,100134,97655,1
3/4,3,recordEvidence,3,ea55c270747841468b7cb7c0bee5936a,90,24.197692,True,100134,97655,1
3/4,3,recordEvidence,3,ea55c270747841468b7cb7c0bee5936a,91,24.422745,True,100134,97655,1
3/4,3,recordEvidence,3,ea55c270747841468b7cb7c0bee5936a,92,24.419355,True,100134,97655,1
3/4,3,recordEvidence,3,ea55c270747841468b7cb7c0bee5936a,93,24.421954,True,100134,97655,1
3/4,3,recordEvidence,3,ea55c270747841468b7cb7c0bee5936a,94,24.186214,True,100134,97655,1
3/4,3,recordEvidence,3,ea55c270747841468b7cb7c0bee5936a,95,24.187764,True,100134,97655,1
3/4,3,recordEvidence,3,ea55c270747841468b7cb7c0bee5936a,96,24.400092,True,100134,97643,1
3/4,3,recordEvidence,3,ea55c270747841468b7cb7c0bee5936a,97,24.186316,True,100134,97655,1
3/4,3,recordEvidence,3,ea55c270747841468b7cb7c0bee5936a,98,24.196546,True,100134,97643,1
3/4,3,recordEvidence,3,ea55c270747841468b7cb7c0bee5936a,99,24.394035,True,100134,97655,1
3/4,3,recordEvidence,3,ea55c270747841468b7cb7c0bee5936a,100,24.391591,True,100134,97655,1
4/4,4,recordAccess,1,79aab88073d24703ac49f3be6568cfee,1,11.426744,True,99353,122860,1
4/4,4,recordAccess,1,79aab88073d24703ac49f3be6568cfee,2,11.173372,True,99353,122872,1
4/4,4,recordAccess,1,79aab88073d24703ac49f3be6568cfee,3,11.433041,True,99353,122872,1
4/4,4,recordAccess,1,79aab88073d24703ac49f3be6568cfee,4,11.120810,True,99353,122872,1
4/4,4,recordAccess,1,79aab88073d24703ac49f3be6568cfee,5,11.429112,True,99353,122872,1
4/4,4,recordAccess,1,79aab88073d24703ac49f3be6568cfee,6,11.436808,True,99353,122860,1
4/4,4,recordAccess,1,79aab88073d24703ac49f3be6568cfee,7,11.432410,True,99353,122872,1
4/4,4,recordAccess,1,79aab88073d24703ac49f3be6568cfee,8,11.063337,True,99353,122872,1
4/4,4,recordAccess,1,79aab88073d24703ac49f3be6568cfee,9,11.433833,True,99353,122872,1
4/4,4,recordAccess,1,79aab88073d24703ac49f3be6568cfee,10,11.315365,True,99353,122872,1
4/4,4,recordAccess,1,79aab88073d24703ac49f3be6568cfee,11,11.360786,True,99353,122872,1
4/4,4,recordAccess,1,79aab88073d24703ac49f3be6568cfee,12,11.220403,True,99353,122872,1
4/4,4,recordAccess,1,79aab88073d24703ac49f3be6568cfee,13,11.394995,True,99353,122860,1
4/4,4,recordAccess,1,79aab88073d24703ac49f3be6568cfee,14,11.278593,True,99353,122872,1
4/4,4,recordAccess,1,79aab88073d24703ac49f3be6568cfee,15,11.382665,True,99353,122860,1
4/4,4,recordAccess,1,79aab88073d24703ac49f3be6568cfee,16,11.358143,True,99353,122872,1
4/4,4,recordAccess,1,79aab88073d24703ac49f3be6568cfee,17,11.358508,True,99353,122872,1
4/4,4,recordAccess,1,79aab88073d24703ac49f3be6568cfee,18,11.352244,True,99353,122872,1
4/4,4,recordAccess,1,79aab88073d24703ac49f3be6568cfee,19,11.263525,True,99353,122860,1
4/4,4,recordAccess,1,79aab88073d24703ac49f3be6568cfee,20,11.080508,True,99353,122872,1
4/4,4,recordAccess,1,79aab88073d24703ac49f3be6568cfee,21,11.231974,True,99353,122872,1
4/4,4,recordAccess,1,79aab88073d24703ac49f3be6568cfee,22,11.272796,True,99353,122848,1
4/4,4,recordAccess,1,79aab88073d24703ac49f3be6568cfee,23,10.907172,True,99353,122872,1
4/4,4,recordAccess,1,79aab88073d24703ac49f3be6568cfee,24,11.108323,True,99353,122872,1
4/4,4,recordAccess,1,79aab88073d24703ac49f3be6568cfee,25,11.226356,True,99353,122872,1
4/4,4,recordAccess,1,79aab88073d24703ac49f3be6568cfee,26,10.947256,True,99353,122872,1
4/4,4,recordAccess,1,79aab88073d24703ac49f3be6568cfee,27,11.179660,True,99353,122872,1
4/4,4,recordAccess,1,79aab88073d24703ac49f3be6568cfee,28,11.262560,True,99353,122872,1
4/4,4,recordAccess,1,79aab88073d24703ac49f3be6568cfee,29,10.967010,True,99353,122872,1
4/4,4,recordAccess,1,79aab88073d24703ac49f3be6568cfee,30,10.877713,True,99353,122872,1
4/4,4,recordAccess,1,79aab88073d24703ac49f3be6568cfee,31,11.102055,True,99353,122860,1
4/4,4,recordAccess,1,79aab88073d24703ac49f3be6568cfee,32,11.181728,True,99353,122872,1
4/4,4,recordAccess,1,79aab88073d24703ac49f3be6568cfee,33,11.223213,True,99353,122860,1
4/4,4,recordAccess,1,79aab88073d24703ac49f3be6568cfee,34,11.147830,True,99353,122872,1
4/4,4,recordAccess,1,79aab88073d24703ac49f3be6568cfee,35,11.193957,True,99353,122848,1
4/4,4,recordAccess,1,79aab88073d24703ac49f3be6568cfee,36,11.187347,True,99353,122872,1
4/4,4,recordAccess,1,79aab88073d24703ac49f3be6568cfee,37,10.988332,True,99353,122872,1
4/4,4,recordAccess,1,79aab88073d24703ac49f3be6568cfee,38,10.959324,True,99353,122860,1
4/4,4,recordAccess,1,79aab88073d24703ac49f3be6568cfee,39,10.988199,True,99353,122872,1
4/4,4,recordAccess,1,79aab88073d24703ac49f3be6568cfee,40,10.897093,True,99353,122872,1
4/4,4,recordAccess,1,79aab88073d24703ac49f3be6568cfee,41,10.802813,True,99353,122860,1
4/4,4,recordAccess,1,79aab88073d24703ac49f3be6568cfee,42,11.160255,True,99353,122872,1
4/4,4,recordAccess,1,79aab88073d24703ac49f3be6568cfee,43,11.105895,True,99353,122872,1
4/4,4,recordAccess,1,79aab88073d24703ac49f3be6568cfee,44,10.975749,True,99353,122872,1
4/4,4,recordAccess,1,79aab88073d24703ac49f3be6568cfee,45,11.113235,True,99353,122860,1
4/4,4,recordAccess,1,79aab88073d24703ac49f3be6568cfee,46,11.114220,True,99353,122872,1
4/4,4,recordAccess,1,79aab88073d24703ac49f3be6568cfee,47,11.031782,True,99353,122872,1
4/4,4,recordAccess,1,79aab88073d24703ac49f3be6568cfee,48,11.034302,True,99353,122860,1
4/4,4,recordAccess,1,79aab88073d24703ac49f3be6568cfee,49,10.859853,True,99353,122872,1
4/4,4,recordAccess,1,79aab88073d24703ac49f3be6568cfee,50,10.893639,True,99353,122872,1
4/4,4,recordAccess,1,79aab88073d24703ac49f3be6568cfee,51,10.978980,True,99353,122872,1
4/4,4,recordAccess,1,79aab88073d24703ac49f3be6568cfee,52,10.863183,True,99353,122872,1
4/4,4,recordAccess,1,79aab88073d24703ac49f3be6568cfee,53,15.279463,True,99354,122872,1
4/4,4,recordAccess,1,79aab88073d24703ac49f3be6568cfee,54,11.032898,True,99353,122872,1
4/4,4,recordAccess,1,79aab88073d24703ac49f3be6568cfee,55,15.389535,True,99354,122872,1
4/4,4,recordAccess,1,79aab88073d24703ac49f3be6568cfee,56,15.396310,True,99354,122872,1
4/4,4,recordAccess,1,79aab88073d24703ac49f3be6568cfee,57,15.430260,True,99354,122872,1
4/4,4,recordAccess,1,79aab88073d24703ac49f3be6568cfee,58,15.411273,True,99354,122860,1
4/4,4,recordAccess,1,79aab88073d24703ac49f3be6568cfee,59,15.261292,True,99354,122860,1
4/4,4,recordAccess,1,79aab88073d24703ac49f3be6568cfee,60,15.322032,True,99354,122872,1
4/4,4,recordAccess,1,79aab88073d24703ac49f3be6568cfee,61,15.415449,True,99354,122872,1
4/4,4,recordAccess,1,79aab88073d24703ac49f3be6568cfee,62,15.353868,True,99354,122860,1
4/4,4,recordAccess,1,79aab88073d24703ac49f3be6568cfee,63,15.186469,True,99354,122860,1
4/4,4,recordAccess,1,79aab88073d24703ac49f3be6568cfee,64,15.370302,True,99354,122872,1
4/4,4,recordAccess,1,79aab88073d24703ac49f3be6568cfee,65,15.328619,True,99354,122848,1
4/4,4,recordAccess,1,79aab88073d24703ac49f3be6568cfee,66,15.072930,True,99354,122860,1
4/4,4,recordAccess,1,79aab88073d24703ac49f3be6568cfee,67,15.346791,True,99354,122872,1
4/4,4,recordAccess,1,79aab88073d24703ac49f3be6568cfee,68,15.346867,True,99354,122872,1
4/4,4,recordAccess,1,79aab88073d24703ac49f3be6568cfee,69,15.303617,True,99354,122848,1
4/4,4,recordAccess,1,79aab88073d24703ac49f3be6568cfee,70,15.163035,True,99354,122872,1
4/4,4,recordAccess,1,79aab88073d24703ac49f3be6568cfee,71,15.150252,True,99354,122860,1
4/4,4,recordAccess,1,79aab88073d24703ac49f3be6568cfee,72,15.332729,True,99354,122872,1
4/4,4,recordAccess,1,79aab88073d24703ac49f3be6568cfee,73,15.244450,True,99354,122872,1
4/4,4,recordAccess,1,79aab88073d24703ac49f3be6568cfee,74,15.305143,True,99354,122872,1
4/4,4,recordAccess,1,79aab88073d24703ac49f3be6568cfee,75,15.198912,True,99354,122836,1
4/4,4,recordAccess,1,79aab88073d24703ac49f3be6568cfee,76,15.199552,True,99354,122872,1
4/4,4,recordAccess,1,79aab88073d24703ac49f3be6568cfee,77,15.270053,True,99354,122872,1
4/4,4,recordAccess,1,79aab88073d24703ac49f3be6568cfee,78,15.096052,True,99354,122860,1
4/4,4,recordAccess,1,79aab88073d24703ac49f3be6568cfee,79,15.052599,True,99354,122860,1
4/4,4,recordAccess,1,79aab88073d24703ac49f3be6568cfee,80,15.251635,True,99354,122872,1
4/4,4,recordAccess,1,79aab88073d24703ac49f3be6568cfee,81,15.039822,True,99354,122872,1
4/4,4,recordAccess,1,79aab88073d24703ac49f3be6568cfee,82,15.223939,True,99354,122872,1
4/4,4,recordAccess,1,79aab88073d24703ac49f3be6568cfee,83,15.003408,True,99354,122872,1
4/4,4,recordAccess,1,79aab88073d24703ac49f3be6568cfee,84,14.924929,True,99354,122872,1
4/4,4,recordAccess,1,79aab88073d24703ac49f3be6568cfee,85,15.085509,True,99354,122872,1
4/4,4,recordAccess,1,79aab88073d24703ac49f3be6568cfee,86,15.185859,True,99354,122860,1
4/4,4,recordAccess,1,79aab88073d24703ac49f3be6568cfee,87,14.954506,True,99354,122860,1
4/4,4,recordAccess,1,79aab88073d24703ac49f3be6568cfee,88,15.141684,True,99354,122860,1
4/4,4,recordAccess,1,79aab88073d24703ac49f3be6568cfee,89,14.883859,True,99354,122860,1
4/4,4,recordAccess,1,79aab88073d24703ac49f3be6568cfee,90,15.156293,True,99354,122872,1
4/4,4,recordAccess,1,79aab88073d24703ac49f3be6568cfee,91,15.148075,True,99354,122872,1
4/4,4,recordAccess,1,79aab88073d24703ac49f3be6568cfee,92,15.111467,True,99354,122872,1
4/4,4,recordAccess,1,79aab88073d24703ac49f3be6568cfee,93,14.839010,True,99354,122872,1
4/4,4,recordAccess,1,79aab88073d24703ac49f3be6568cfee,94,15.094729,True,99354,122872,1
4/4,4,recordAccess,1,79aab88073d24703ac49f3be6568cfee,95,15.084128,True,99354,122872,1
4/4,4,recordAccess,1,79aab88073d24703ac49f3be6568cfee,96,14.891233,True,99354,122860,1
4/4,4,recordAccess,1,79aab88073d24703ac49f3be6568cfee,97,14.971218,True,99354,122860,1
4/4,4,recordAccess,1,79aab88073d24703ac49f3be6568cfee,98,14.792139,True,99354,122872,1
4/4,4,recordAccess,1,79aab88073d24703ac49f3be6568cfee,99,15.043959,True,99354,122872,1
4/4,4,recordAccess,1,79aab88073d24703ac49f3be6568cfee,100,14.892337,True,99354,122848,1
4/4,4,recordAccess,2,00c586a825fd4113b717588cd7f4b849,1,10.927537,True,99556,122872,1
4/4,4,recordAccess,2,00c586a825fd4113b717588cd7f4b849,2,11.090051,True,99556,122872,1
4/4,4,recordAccess,2,00c586a825fd4113b717588cd7f4b849,3,10.989302,True,99556,122872,1
4/4,4,recordAccess,2,00c586a825fd4113b717588cd7f4b849,4,11.239363,True,99556,122872,1
4/4,4,recordAccess,2,00c586a825fd4113b717588cd7f4b849,5,10.912055,True,99556,122872,1
4/4,4,recordAccess,2,00c586a825fd4113b717588cd7f4b849,6,11.208394,True,99556,122860,1
4/4,4,recordAccess,2,00c586a825fd4113b717588cd7f4b849,7,11.228412,True,99556,122872,1
4/4,4,recordAccess,2,00c586a825fd4113b717588cd7f4b849,8,11.232222,True,99556,122872,1
4/4,4,recordAccess,2,00c586a825fd4113b717588cd7f4b849,9,11.211146,True,99556,122872,1
4/4,4,recordAccess,2,00c586a825fd4113b717588cd7f4b849,10,10.904424,True,99556,122872,1
4/4,4,recordAccess,2,00c586a825fd4113b717588cd7f4b849,11,11.134332,True,99556,122872,1
4/4,4,recordAccess,2,00c586a825fd4113b717588cd7f4b849,12,11.181562,True,99556,122872,1
4/4,4,recordAccess,2,00c586a825fd4113b717588cd7f4b849,13,10.979278,True,99556,122872,1
4/4,4,recordAccess,2,00c586a825fd4113b717588cd7f4b849,14,11.179297,True,99556,122872,1
4/4,4,recordAccess,2,00c586a825fd4113b717588cd7f4b849,15,11.082630,True,99556,122872,1
4/4,4,recordAccess,2,00c586a825fd4113b717588cd7f4b849,16,11.036323,True,99556,122872,1
4/4,4,recordAccess,2,00c586a825fd4113b717588cd7f4b849,17,11.170366,True,99556,122872,1
4/4,4,recordAccess,2,00c586a825fd4113b717588cd7f4b849,18,11.003816,True,99556,122872,1
4/4,4,recordAccess,2,00c586a825fd4113b717588cd7f4b849,19,11.149429,True,99556,122872,1
4/4,4,recordAccess,2,00c586a825fd4113b717588cd7f4b849,20,10.826942,True,99556,122860,1
4/4,4,recordAccess,2,00c586a825fd4113b717588cd7f4b849,21,11.123944,True,99556,122860,1
4/4,4,recordAccess,2,00c586a825fd4113b717588cd7f4b849,22,10.877483,True,99556,122860,1
4/4,4,recordAccess,2,00c586a825fd4113b717588cd7f4b849,23,11.063845,True,99556,122872,1
4/4,4,recordAccess,2,00c586a825fd4113b717588cd7f4b849,24,11.115994,True,99556,122872,1
4/4,4,recordAccess,2,00c586a825fd4113b717588cd7f4b849,25,11.104755,True,99556,122872,1
4/4,4,recordAccess,2,00c586a825fd4113b717588cd7f4b849,26,11.056205,True,99556,122872,1
4/4,4,recordAccess,2,00c586a825fd4113b717588cd7f4b849,27,11.042780,True,99556,122872,1
4/4,4,recordAccess,2,00c586a825fd4113b717588cd7f4b849,28,11.076108,True,99556,122872,1
4/4,4,recordAccess,2,00c586a825fd4113b717588cd7f4b849,29,10.946165,True,99556,122872,1
4/4,4,recordAccess,2,00c586a825fd4113b717588cd7f4b849,30,10.893736,True,99556,122872,1
4/4,4,recordAccess,2,00c586a825fd4113b717588cd7f4b849,31,10.752649,True,99556,122872,1
4/4,4,recordAccess,2,00c586a825fd4113b717588cd7f4b849,32,10.977752,True,99556,122872,1
4/4,4,recordAccess,2,00c586a825fd4113b717588cd7f4b849,33,11.051212,True,99556,122872,1
4/4,4,recordAccess,2,00c586a825fd4113b717588cd7f4b849,34,10.644777,True,99556,122872,1
4/4,4,recordAccess,2,00c586a825fd4113b717588cd7f4b849,35,10.770769,True,99556,122872,1
4/4,4,recordAccess,2,00c586a825fd4113b717588cd7f4b849,36,11.032811,True,99556,122872,1
4/4,4,recordAccess,2,00c586a825fd4113b717588cd7f4b849,37,10.836304,True,99556,122872,1
4/4,4,recordAccess,2,00c586a825fd4113b717588cd7f4b849,38,10.976196,True,99556,122872,1
4/4,4,recordAccess,2,00c586a825fd4113b717588cd7f4b849,39,11.006118,True,99556,122872,1
4/4,4,recordAccess,2,00c586a825fd4113b717588cd7f4b849,40,10.851034,True,99556,122872,1
4/4,4,recordAccess,2,00c586a825fd4113b717588cd7f4b849,41,10.770245,True,99556,122872,1
4/4,4,recordAccess,2,00c586a825fd4113b717588cd7f4b849,42,10.948563,True,99556,122872,1
4/4,4,recordAccess,2,00c586a825fd4113b717588cd7f4b849,43,10.934789,True,99556,122872,1
4/4,4,recordAccess,2,00c586a825fd4113b717588cd7f4b849,44,10.945873,True,99556,122872,1
4/4,4,recordAccess,2,00c586a825fd4113b717588cd7f4b849,45,10.901475,True,99556,122860,1
4/4,4,recordAccess,2,00c586a825fd4113b717588cd7f4b849,46,10.956963,True,99556,122860,1
4/4,4,recordAccess,2,00c586a825fd4113b717588cd7f4b849,47,10.671115,True,99556,122872,1
4/4,4,recordAccess,2,00c586a825fd4113b717588cd7f4b849,48,10.695430,True,99556,122872,1
4/4,4,recordAccess,2,00c586a825fd4113b717588cd7f4b849,49,10.888638,True,99556,122872,1
4/4,4,recordAccess,2,00c586a825fd4113b717588cd7f4b849,50,10.564465,True,99556,122872,1
4/4,4,recordAccess,2,00c586a825fd4113b717588cd7f4b849,51,10.872949,True,99556,122872,1
4/4,4,recordAccess,2,00c586a825fd4113b717588cd7f4b849,52,10.614297,True,99556,122872,1
4/4,4,recordAccess,2,00c586a825fd4113b717588cd7f4b849,53,15.449995,True,99557,122872,1
4/4,4,recordAccess,2,00c586a825fd4113b717588cd7f4b849,54,15.265509,True,99557,122872,1
4/4,4,recordAccess,2,00c586a825fd4113b717588cd7f4b849,55,10.851905,True,99556,122872,1
4/4,4,recordAccess,2,00c586a825fd4113b717588cd7f4b849,56,10.637028,True,99556,122848,1
4/4,4,recordAccess,2,00c586a825fd4113b717588cd7f4b849,57,15.430293,True,99557,122872,1
4/4,4,recordAccess,2,00c586a825fd4113b717588cd7f4b849,58,15.445817,True,99557,122872,1
4/4,4,recordAccess,2,00c586a825fd4113b717588cd7f4b849,59,15.465778,True,99557,122860,1
4/4,4,recordAccess,2,00c586a825fd4113b717588cd7f4b849,60,15.385652,True,99557,122872,1
4/4,4,recordAccess,2,00c586a825fd4113b717588cd7f4b849,61,15.367465,True,99557,122872,1
4/4,4,recordAccess,2,00c586a825fd4113b717588cd7f4b849,62,15.429664,True,99557,122872,1
4/4,4,recordAccess,2,00c586a825fd4113b717588cd7f4b849,63,15.432403,True,99557,122836,1
4/4,4,recordAccess,2,00c586a825fd4113b717588cd7f4b849,64,15.361602,True,99557,122872,1
4/4,4,recordAccess,2,00c586a825fd4113b717588cd7f4b849,65,15.236969,True,99557,122872,1
4/4,4,recordAccess,2,00c586a825fd4113b717588cd7f4b849,66,15.411272,True,99557,122860,1
4/4,4,recordAccess,2,00c586a825fd4113b717588cd7f4b849,67,15.234628,True,99557,122872,1
4/4,4,recordAccess,2,00c586a825fd4113b717588cd7f4b849,68,15.122437,True,99557,122848,1
4/4,4,recordAccess,2,00c586a825fd4113b717588cd7f4b849,69,15.382001,True,99557,122872,1
4/4,4,recordAccess,2,00c586a825fd4113b717588cd7f4b849,70,14.945489,True,99557,122872,1
4/4,4,recordAccess,2,00c586a825fd4113b717588cd7f4b849,71,15.162763,True,99557,122860,1
4/4,4,recordAccess,2,00c586a825fd4113b717588cd7f4b849,72,15.353423,True,99557,122872,1
4/4,4,recordAccess,2,00c586a825fd4113b717588cd7f4b849,73,14.937871,True,99557,122872,1
4/4,4,recordAccess,2,00c586a825fd4113b717588cd7f4b849,74,15.115009,True,99557,122872,1
4/4,4,recordAccess,2,00c586a825fd4113b717588cd7f4b849,75,15.304856,True,99557,122872,1
4/4,4,recordAccess,2,00c586a825fd4113b717588cd7f4b849,76,14.907599,True,99557,122860,1
4/4,4,recordAccess,2,00c586a825fd4113b717588cd7f4b849,77,15.214107,True,99557,122872,1
4/4,4,recordAccess,2,00c586a825fd4113b717588cd7f4b849,78,15.265351,True,99557,122872,1
4/4,4,recordAccess,2,00c586a825fd4113b717588cd7f4b849,79,15.107544,True,99557,122872,1
4/4,4,recordAccess,2,00c586a825fd4113b717588cd7f4b849,80,15.237936,True,99557,122872,1
4/4,4,recordAccess,2,00c586a825fd4113b717588cd7f4b849,81,15.233107,True,99557,122872,1
4/4,4,recordAccess,2,00c586a825fd4113b717588cd7f4b849,82,15.192206,True,99557,122872,1
4/4,4,recordAccess,2,00c586a825fd4113b717588cd7f4b849,83,15.193925,True,99557,122872,1
4/4,4,recordAccess,2,00c586a825fd4113b717588cd7f4b849,84,14.923517,True,99557,122872,1
4/4,4,recordAccess,2,00c586a825fd4113b717588cd7f4b849,85,15.177017,True,99557,122872,1
4/4,4,recordAccess,2,00c586a825fd4113b717588cd7f4b849,86,15.042798,True,99557,122872,1
4/4,4,recordAccess,2,00c586a825fd4113b717588cd7f4b849,87,15.200234,True,99557,122860,1
4/4,4,recordAccess,2,00c586a825fd4113b717588cd7f4b849,88,14.954394,True,99557,122872,1
4/4,4,recordAccess,2,00c586a825fd4113b717588cd7f4b849,89,15.222539,True,99557,122872,1
4/4,4,recordAccess,2,00c586a825fd4113b717588cd7f4b849,90,15.184645,True,99557,122872,1
4/4,4,recordAccess,2,00c586a825fd4113b717588cd7f4b849,91,15.196146,True,99557,122872,1
4/4,4,recordAccess,2,00c586a825fd4113b717588cd7f4b849,92,14.811621,True,99557,122872,1
4/4,4,recordAccess,2,00c586a825fd4113b717588cd7f4b849,93,15.041419,True,99557,122872,1
4/4,4,recordAccess,2,00c586a825fd4113b717588cd7f4b849,94,15.189195,True,99557,122872,1
4/4,4,recordAccess,2,00c586a825fd4113b717588cd7f4b849,95,15.142440,True,99557,122872,1
4/4,4,recordAccess,2,00c586a825fd4113b717588cd7f4b849,96,14.835585,True,99557,122872,1
4/4,4,recordAccess,2,00c586a825fd4113b717588cd7f4b849,97,15.155518,True,99557,122872,1
4/4,4,recordAccess,2,00c586a825fd4113b717588cd7f4b849,98,15.150541,True,99557,122872,1
4/4,4,recordAccess,2,00c586a825fd4113b717588cd7f4b849,99,15.131772,True,99557,122872,1
4/4,4,recordAccess,2,00c586a825fd4113b717588cd7f4b849,100,15.113042,True,99557,122872,1
4/4,4,recordAccess,3,40eae522d4944e1b88e093edd0c125a1,1,11.124513,True,99759,122860,1
4/4,4,recordAccess,3,40eae522d4944e1b88e093edd0c125a1,2,11.367531,True,99759,122848,1
4/4,4,recordAccess,3,40eae522d4944e1b88e093edd0c125a1,3,11.384378,True,99759,122860,1
4/4,4,recordAccess,3,40eae522d4944e1b88e093edd0c125a1,4,11.393042,True,99759,122848,1
4/4,4,recordAccess,3,40eae522d4944e1b88e093edd0c125a1,5,11.226441,True,99759,122860,1
4/4,4,recordAccess,3,40eae522d4944e1b88e093edd0c125a1,6,11.206717,True,99759,122860,1
4/4,4,recordAccess,3,40eae522d4944e1b88e093edd0c125a1,7,11.082110,True,99759,122860,1
4/4,4,recordAccess,3,40eae522d4944e1b88e093edd0c125a1,8,11.337861,True,99759,122860,1
4/4,4,recordAccess,3,40eae522d4944e1b88e093edd0c125a1,9,11.244572,True,99759,122860,1
4/4,4,recordAccess,3,40eae522d4944e1b88e093edd0c125a1,10,11.057382,True,99759,122860,1
4/4,4,recordAccess,3,40eae522d4944e1b88e093edd0c125a1,11,11.094462,True,99759,122860,1
4/4,4,recordAccess,3,40eae522d4944e1b88e093edd0c125a1,12,11.333762,True,99759,122848,1
4/4,4,recordAccess,3,40eae522d4944e1b88e093edd0c125a1,13,11.272027,True,99759,122860,1
4/4,4,recordAccess,3,40eae522d4944e1b88e093edd0c125a1,14,11.135506,True,99759,122860,1
4/4,4,recordAccess,3,40eae522d4944e1b88e093edd0c125a1,15,11.351162,True,99759,122860,1
4/4,4,recordAccess,3,40eae522d4944e1b88e093edd0c125a1,16,11.014194,True,99759,122848,1
4/4,4,recordAccess,3,40eae522d4944e1b88e093edd0c125a1,17,11.311137,True,99759,122836,1
4/4,4,recordAccess,3,40eae522d4944e1b88e093edd0c125a1,18,11.312590,True,99759,122860,1
4/4,4,recordAccess,3,40eae522d4944e1b88e093edd0c125a1,19,11.249856,True,99759,122860,1
4/4,4,recordAccess,3,40eae522d4944e1b88e093edd0c125a1,20,10.956429,True,99759,122860,1
4/4,4,recordAccess,3,40eae522d4944e1b88e093edd0c125a1,21,11.142974,True,99759,122848,1
4/4,4,recordAccess,3,40eae522d4944e1b88e093edd0c125a1,22,11.228507,True,99759,122860,1
4/4,4,recordAccess,3,40eae522d4944e1b88e093edd0c125a1,23,11.119293,True,99759,122860,1
4/4,4,recordAccess,3,40eae522d4944e1b88e093edd0c125a1,24,11.264281,True,99759,122848,1
4/4,4,recordAccess,3,40eae522d4944e1b88e093edd0c125a1,25,11.042048,True,99759,122860,1
4/4,4,recordAccess,3,40eae522d4944e1b88e093edd0c125a1,26,10.909529,True,99759,122848,1
4/4,4,recordAccess,3,40eae522d4944e1b88e093edd0c125a1,27,11.053345,True,99759,122860,1
4/4,4,recordAccess,3,40eae522d4944e1b88e093edd0c125a1,28,10.968964,True,99759,122860,1
4/4,4,recordAccess,3,40eae522d4944e1b88e093edd0c125a1,29,11.247581,True,99759,122848,1
4/4,4,recordAccess,3,40eae522d4944e1b88e093edd0c125a1,30,10.972496,True,99759,122860,1
4/4,4,recordAccess,3,40eae522d4944e1b88e093edd0c125a1,31,11.246267,True,99759,122860,1
4/4,4,recordAccess,3,40eae522d4944e1b88e093edd0c125a1,32,11.007731,True,99759,122860,1
4/4,4,recordAccess,3,40eae522d4944e1b88e093edd0c125a1,33,10.986926,True,99759,122836,1
4/4,4,recordAccess,3,40eae522d4944e1b88e093edd0c125a1,34,11.111783,True,99759,122860,1
4/4,4,recordAccess,3,40eae522d4944e1b88e093edd0c125a1,35,11.204494,True,99759,122860,1
4/4,4,recordAccess,3,40eae522d4944e1b88e093edd0c125a1,36,11.099846,True,99759,122860,1
4/4,4,recordAccess,3,40eae522d4944e1b88e093edd0c125a1,37,10.856668,True,99759,122860,1
4/4,4,recordAccess,3,40eae522d4944e1b88e093edd0c125a1,38,10.957549,True,99759,122860,1
4/4,4,recordAccess,3,40eae522d4944e1b88e093edd0c125a1,39,10.955249,True,99759,122848,1
4/4,4,recordAccess,3,40eae522d4944e1b88e093edd0c125a1,40,11.068413,True,99759,122860,1
4/4,4,recordAccess,3,40eae522d4944e1b88e093edd0c125a1,41,11.183132,True,99759,122860,1
4/4,4,recordAccess,3,40eae522d4944e1b88e093edd0c125a1,42,11.182124,True,99759,122848,1
4/4,4,recordAccess,3,40eae522d4944e1b88e093edd0c125a1,43,11.015483,True,99759,122860,1
4/4,4,recordAccess,3,40eae522d4944e1b88e093edd0c125a1,44,11.160108,True,99759,122860,1
4/4,4,recordAccess,3,40eae522d4944e1b88e093edd0c125a1,45,10.909735,True,99759,122848,1
4/4,4,recordAccess,3,40eae522d4944e1b88e093edd0c125a1,46,11.151355,True,99759,122848,1
4/4,4,recordAccess,3,40eae522d4944e1b88e093edd0c125a1,47,10.977111,True,99759,122860,1
4/4,4,recordAccess,3,40eae522d4944e1b88e093edd0c125a1,48,10.946348,True,99759,122860,1
4/4,4,recordAccess,3,40eae522d4944e1b88e093edd0c125a1,49,11.078385,True,99759,122860,1
4/4,4,recordAccess,3,40eae522d4944e1b88e093edd0c125a1,50,10.808544,True,99759,122860,1
4/4,4,recordAccess,3,40eae522d4944e1b88e093edd0c125a1,51,10.899615,True,99759,122848,1
4/4,4,recordAccess,3,40eae522d4944e1b88e093edd0c125a1,52,10.852523,True,99759,122860,1
4/4,4,recordAccess,3,40eae522d4944e1b88e093edd0c125a1,53,11.039911,True,99759,122860,1
4/4,4,recordAccess,3,40eae522d4944e1b88e093edd0c125a1,54,15.367079,True,99760,122860,1
4/4,4,recordAccess,3,40eae522d4944e1b88e093edd0c125a1,55,15.549344,True,99760,122860,1
4/4,4,recordAccess,3,40eae522d4944e1b88e093edd0c125a1,56,10.989985,True,99759,122860,1
4/4,4,recordAccess,3,40eae522d4944e1b88e093edd0c125a1,57,11.074951,True,99759,122860,1
4/4,4,recordAccess,3,40eae522d4944e1b88e093edd0c125a1,58,10.752030,True,99759,122860,1
4/4,4,recordAccess,3,40eae522d4944e1b88e093edd0c125a1,59,15.521184,True,99760,122848,1
4/4,4,recordAccess,3,40eae522d4944e1b88e093edd0c125a1,60,15.519457,True,99760,122860,1
4/4,4,recordAccess,3,40eae522d4944e1b88e093edd0c125a1,61,15.288532,True,99760,122836,1
4/4,4,recordAccess,3,40eae522d4944e1b88e093edd0c125a1,62,15.519126,True,99760,122860,1
4/4,4,recordAccess,3,40eae522d4944e1b88e093edd0c125a1,63,10.828169,True,99759,122860,1
4/4,4,recordAccess,3,40eae522d4944e1b88e093edd0c125a1,64,15.468713,True,99760,122860,1
4/4,4,recordAccess,3,40eae522d4944e1b88e093edd0c125a1,65,15.489839,True,99760,122860,1
4/4,4,recordAccess,3,40eae522d4944e1b88e093edd0c125a1,66,15.349490,True,99760,122860,1
4/4,4,recordAccess,3,40eae522d4944e1b88e093edd0c125a1,67,15.266588,True,99760,122860,1
4/4,4,recordAccess,3,40eae522d4944e1b88e093edd0c125a1,68,15.452794,True,99760,122848,1
4/4,4,recordAccess,3,40eae522d4944e1b88e093edd0c125a1,69,15.466914,True,99760,122860,1
4/4,4,recordAccess,3,40eae522d4944e1b88e093edd0c125a1,70,15.462064,True,99760,122848,1
4/4,4,recordAccess,3,40eae522d4944e1b88e093edd0c125a1,71,15.449713,True,99760,122848,1
4/4,4,recordAccess,3,40eae522d4944e1b88e093edd0c125a1,72,15.448491,True,99760,122860,1
4/4,4,recordAccess,3,40eae522d4944e1b88e093edd0c125a1,73,15.448753,True,99760,122860,1
4/4,4,recordAccess,3,40eae522d4944e1b88e093edd0c125a1,74,15.414692,True,99760,122860,1
4/4,4,recordAccess,3,40eae522d4944e1b88e093edd0c125a1,75,15.195670,True,99760,122848,1
4/4,4,recordAccess,3,40eae522d4944e1b88e093edd0c125a1,76,15.220970,True,99760,122860,1
4/4,4,recordAccess,3,40eae522d4944e1b88e093edd0c125a1,77,15.200957,True,99760,122860,1
4/4,4,recordAccess,3,40eae522d4944e1b88e093edd0c125a1,78,15.388089,True,99760,122860,1
4/4,4,recordAccess,3,40eae522d4944e1b88e093edd0c125a1,79,15.082029,True,99760,122860,1
4/4,4,recordAccess,3,40eae522d4944e1b88e093edd0c125a1,80,15.399112,True,99760,122860,1
4/4,4,recordAccess,3,40eae522d4944e1b88e093edd0c125a1,81,15.269850,True,99760,122860,1
4/4,4,recordAccess,3,40eae522d4944e1b88e093edd0c125a1,82,15.335657,True,99760,122860,1
4/4,4,recordAccess,3,40eae522d4944e1b88e093edd0c125a1,83,15.349530,True,99760,122860,1
4/4,4,recordAccess,3,40eae522d4944e1b88e093edd0c125a1,84,15.386433,True,99760,122860,1
4/4,4,recordAccess,3,40eae522d4944e1b88e093edd0c125a1,85,15.351164,True,99760,122860,1
4/4,4,recordAccess,3,40eae522d4944e1b88e093edd0c125a1,86,15.051871,True,99760,122860,1
4/4,4,recordAccess,3,40eae522d4944e1b88e093edd0c125a1,87,15.251318,True,99760,122860,1
4/4,4,recordAccess,3,40eae522d4944e1b88e093edd0c125a1,88,15.220459,True,99760,122860,1
4/4,4,recordAccess,3,40eae522d4944e1b88e093edd0c125a1,89,15.069194,True,99760,122860,1
4/4,4,recordAccess,3,40eae522d4944e1b88e093edd0c125a1,90,15.352859,True,99760,122860,1
4/4,4,recordAccess,3,40eae522d4944e1b88e093edd0c125a1,91,15.058208,True,99760,122860,1
4/4,4,recordAccess,3,40eae522d4944e1b88e093edd0c125a1,92,14.956930,True,99760,122860,1
4/4,4,recordAccess,3,40eae522d4944e1b88e093edd0c125a1,93,15.329451,True,99760,122848,1
4/4,4,recordAccess,3,40eae522d4944e1b88e093edd0c125a1,94,15.311220,True,99760,122860,1
4/4,4,recordAccess,3,40eae522d4944e1b88e093edd0c125a1,95,15.011715,True,99760,122848,1
4/4,4,recordAccess,3,40eae522d4944e1b88e093edd0c125a1,96,15.242581,True,99760,122860,1
4/4,4,recordAccess,3,40eae522d4944e1b88e093edd0c125a1,97,14.968484,True,99760,122848,1
4/4,4,recordAccess,3,40eae522d4944e1b88e093edd0c125a1,98,15.015510,True,99760,122860,1
4/4,4,recordAccess,3,40eae522d4944e1b88e093edd0c125a1,99,15.264909,True,99760,122860,1
4/4,4,recordAccess,3,40eae522d4944e1b88e093edd0c125a1,100,15.208010,True,99760,122848,1
3/4,3,recordAccess,1,60eaf004d52a4c83bba0045f9ee39cec,1,20.014318,True,100336,122872,1
3/4,3,recordAccess,1,60eaf004d52a4c83bba0045f9ee39cec,2,20.636086,True,100336,122872,1
3/4,3,recordAccess,1,60eaf004d52a4c83bba0045f9ee39cec,3,20.541865,True,100336,122872,1
3/4,3,recordAccess,1,60eaf004d52a4c83bba0045f9ee39cec,4,20.622077,True,100336,122872,1
3/4,3,recordAccess,1,60eaf004d52a4c83bba0045f9ee39cec,5,20.418833,True,100336,122872,1
3/4,3,recordAccess,1,60eaf004d52a4c83bba0045f9ee39cec,6,20.631843,True,100336,122872,1
3/4,3,recordAccess,1,60eaf004d52a4c83bba0045f9ee39cec,7,20.161939,True,100336,122860,1
3/4,3,recordAccess,1,60eaf004d52a4c83bba0045f9ee39cec,8,20.503355,True,100336,122860,1
3/4,3,recordAccess,1,60eaf004d52a4c83bba0045f9ee39cec,9,20.577697,True,100336,122860,1
3/4,3,recordAccess,1,60eaf004d52a4c83bba0045f9ee39cec,10,19.981009,True,100336,122860,1
3/4,3,recordAccess,1,60eaf004d52a4c83bba0045f9ee39cec,11,20.514171,True,100336,122872,1
3/4,3,recordAccess,1,60eaf004d52a4c83bba0045f9ee39cec,12,20.516097,True,100336,122860,1
3/4,3,recordAccess,1,60eaf004d52a4c83bba0045f9ee39cec,13,20.496603,True,100336,122860,1
3/4,3,recordAccess,1,60eaf004d52a4c83bba0045f9ee39cec,14,20.414524,True,100336,122872,1
3/4,3,recordAccess,1,60eaf004d52a4c83bba0045f9ee39cec,15,20.448848,True,100336,122872,1
3/4,3,recordAccess,1,60eaf004d52a4c83bba0045f9ee39cec,16,20.813088,True,100336,122872,1
3/4,3,recordAccess,1,60eaf004d52a4c83bba0045f9ee39cec,17,20.040023,True,100336,122860,1
3/4,3,recordAccess,1,60eaf004d52a4c83bba0045f9ee39cec,18,20.456752,True,100336,122872,1
3/4,3,recordAccess,1,60eaf004d52a4c83bba0045f9ee39cec,19,20.535110,True,100336,122872,1
3/4,3,recordAccess,1,60eaf004d52a4c83bba0045f9ee39cec,20,19.844076,True,100336,122872,1
3/4,3,recordAccess,1,60eaf004d52a4c83bba0045f9ee39cec,21,20.333786,True,100336,122872,1
3/4,3,recordAccess,1,60eaf004d52a4c83bba0045f9ee39cec,22,20.515565,True,100336,122872,1
3/4,3,recordAccess,1,60eaf004d52a4c83bba0045f9ee39cec,23,20.163184,True,100336,122872,1
3/4,3,recordAccess,1,60eaf004d52a4c83bba0045f9ee39cec,24,20.349462,True,100336,122872,1
3/4,3,recordAccess,1,60eaf004d52a4c83bba0045f9ee39cec,25,20.461364,True,100336,122872,1
3/4,3,recordAccess,1,60eaf004d52a4c83bba0045f9ee39cec,26,19.938779,True,100336,122860,1
3/4,3,recordAccess,1,60eaf004d52a4c83bba0045f9ee39cec,27,20.475391,True,100336,122872,1
3/4,3,recordAccess,1,60eaf004d52a4c83bba0045f9ee39cec,28,19.771015,True,100336,122872,1
3/4,3,recordAccess,1,60eaf004d52a4c83bba0045f9ee39cec,29,20.459632,True,100336,122872,1
3/4,3,recordAccess,1,60eaf004d52a4c83bba0045f9ee39cec,30,20.348251,True,100336,122872,1
3/4,3,recordAccess,1,60eaf004d52a4c83bba0045f9ee39cec,31,19.944213,True,100336,122872,1
3/4,3,recordAccess,1,60eaf004d52a4c83bba0045f9ee39cec,32,20.092377,True,100336,122860,1
3/4,3,recordAccess,1,60eaf004d52a4c83bba0045f9ee39cec,33,20.201922,True,100336,122872,1
3/4,3,recordAccess,1,60eaf004d52a4c83bba0045f9ee39cec,34,19.838903,True,100336,122872,1
3/4,3,recordAccess,1,60eaf004d52a4c83bba0045f9ee39cec,35,20.424611,True,100336,122860,1
3/4,3,recordAccess,1,60eaf004d52a4c83bba0045f9ee39cec,36,20.050627,True,100336,122872,1
3/4,3,recordAccess,1,60eaf004d52a4c83bba0045f9ee39cec,37,20.386918,True,100336,122872,1
3/4,3,recordAccess,1,60eaf004d52a4c83bba0045f9ee39cec,38,19.983746,True,100336,122860,1
3/4,3,recordAccess,1,60eaf004d52a4c83bba0045f9ee39cec,39,19.699453,True,100336,122860,1
3/4,3,recordAccess,1,60eaf004d52a4c83bba0045f9ee39cec,40,20.362341,True,100336,122848,1
3/4,3,recordAccess,1,60eaf004d52a4c83bba0045f9ee39cec,41,19.766150,True,100336,122860,1
3/4,3,recordAccess,1,60eaf004d52a4c83bba0045f9ee39cec,42,20.149871,True,100336,122836,1
3/4,3,recordAccess,1,60eaf004d52a4c83bba0045f9ee39cec,43,20.325195,True,100336,122860,1
3/4,3,recordAccess,1,60eaf004d52a4c83bba0045f9ee39cec,44,20.355899,True,100336,122872,1
3/4,3,recordAccess,1,60eaf004d52a4c83bba0045f9ee39cec,45,20.197176,True,100336,122872,1
3/4,3,recordAccess,1,60eaf004d52a4c83bba0045f9ee39cec,46,20.253426,True,100336,122872,1
3/4,3,recordAccess,1,60eaf004d52a4c83bba0045f9ee39cec,47,20.287468,True,100336,122872,1
3/4,3,recordAccess,1,60eaf004d52a4c83bba0045f9ee39cec,48,20.145202,True,100336,122860,1
3/4,3,recordAccess,1,60eaf004d52a4c83bba0045f9ee39cec,49,20.305177,True,100336,122860,1
3/4,3,recordAccess,1,60eaf004d52a4c83bba0045f9ee39cec,50,20.297838,True,100336,122872,1
3/4,3,recordAccess,1,60eaf004d52a4c83bba0045f9ee39cec,51,20.174563,True,100336,122848,1
3/4,3,recordAccess,1,60eaf004d52a4c83bba0045f9ee39cec,52,20.185741,True,100336,122872,1
3/4,3,recordAccess,1,60eaf004d52a4c83bba0045f9ee39cec,53,20.257282,True,100336,122872,1
3/4,3,recordAccess,1,60eaf004d52a4c83bba0045f9ee39cec,54,20.277151,True,100336,122872,1
3/4,3,recordAccess,1,60eaf004d52a4c83bba0045f9ee39cec,55,20.141051,True,100336,122860,1
3/4,3,recordAccess,1,60eaf004d52a4c83bba0045f9ee39cec,56,19.780385,True,100336,122872,1
3/4,3,recordAccess,1,60eaf004d52a4c83bba0045f9ee39cec,57,19.764526,True,100336,122860,1
3/4,3,recordAccess,1,60eaf004d52a4c83bba0045f9ee39cec,58,20.208488,True,100336,122860,1
3/4,3,recordAccess,1,60eaf004d52a4c83bba0045f9ee39cec,59,19.645924,True,100336,122872,1
3/4,3,recordAccess,1,60eaf004d52a4c83bba0045f9ee39cec,60,19.926356,True,100336,122860,1
3/4,3,recordAccess,1,60eaf004d52a4c83bba0045f9ee39cec,61,20.110328,True,100336,122872,1
3/4,3,recordAccess,1,60eaf004d52a4c83bba0045f9ee39cec,62,20.217257,True,100336,122872,1
3/4,3,recordAccess,1,60eaf004d52a4c83bba0045f9ee39cec,63,19.620721,True,100336,122872,1
3/4,3,recordAccess,1,60eaf004d52a4c83bba0045f9ee39cec,64,20.166038,True,100336,122848,1
3/4,3,recordAccess,1,60eaf004d52a4c83bba0045f9ee39cec,65,20.094666,True,100336,122872,1
3/4,3,recordAccess,1,60eaf004d52a4c83bba0045f9ee39cec,66,20.075001,True,100336,122872,1
3/4,3,recordAccess,1,60eaf004d52a4c83bba0045f9ee39cec,67,20.166981,True,100336,122872,1
3/4,3,recordAccess,1,60eaf004d52a4c83bba0045f9ee39cec,68,20.114863,True,100336,122872,1
3/4,3,recordAccess,1,60eaf004d52a4c83bba0045f9ee39cec,69,20.176583,True,100336,122872,1
3/4,3,recordAccess,1,60eaf004d52a4c83bba0045f9ee39cec,70,19.679554,True,100336,122836,1
3/4,3,recordAccess,1,60eaf004d52a4c83bba0045f9ee39cec,71,20.162042,True,100336,122860,1
3/4,3,recordAccess,1,60eaf004d52a4c83bba0045f9ee39cec,72,20.086555,True,100336,122860,1
3/4,3,recordAccess,1,60eaf004d52a4c83bba0045f9ee39cec,73,20.120691,True,100336,122860,1
3/4,3,recordAccess,1,60eaf004d52a4c83bba0045f9ee39cec,74,20.072292,True,100336,122872,1
3/4,3,recordAccess,1,60eaf004d52a4c83bba0045f9ee39cec,75,20.083622,True,100336,122848,1
3/4,3,recordAccess,1,60eaf004d52a4c83bba0045f9ee39cec,76,19.632262,True,100336,122872,1
3/4,3,recordAccess,1,60eaf004d52a4c83bba0045f9ee39cec,77,20.050293,True,100336,122872,1
3/4,3,recordAccess,1,60eaf004d52a4c83bba0045f9ee39cec,78,20.076157,True,100336,122872,1
3/4,3,recordAccess,1,60eaf004d52a4c83bba0045f9ee39cec,79,19.610401,True,100336,122872,1
3/4,3,recordAccess,1,60eaf004d52a4c83bba0045f9ee39cec,80,19.633191,True,100336,122848,1
3/4,3,recordAccess,1,60eaf004d52a4c83bba0045f9ee39cec,81,19.600831,True,100336,122872,1
3/4,3,recordAccess,1,60eaf004d52a4c83bba0045f9ee39cec,82,20.052891,True,100336,122872,1
3/4,3,recordAccess,1,60eaf004d52a4c83bba0045f9ee39cec,83,19.956460,True,100336,122872,1
3/4,3,recordAccess,1,60eaf004d52a4c83bba0045f9ee39cec,84,20.032134,True,100336,122860,1
3/4,3,recordAccess,1,60eaf004d52a4c83bba0045f9ee39cec,85,20.001714,True,100336,122860,1
3/4,3,recordAccess,1,60eaf004d52a4c83bba0045f9ee39cec,86,19.964882,True,100336,122872,1
3/4,3,recordAccess,1,60eaf004d52a4c83bba0045f9ee39cec,87,20.033655,True,100336,122848,1
3/4,3,recordAccess,1,60eaf004d52a4c83bba0045f9ee39cec,88,19.733425,True,100336,122872,1
3/4,3,recordAccess,1,60eaf004d52a4c83bba0045f9ee39cec,89,20.054947,True,100336,122872,1
3/4,3,recordAccess,1,60eaf004d52a4c83bba0045f9ee39cec,90,19.649667,True,100336,122872,1
3/4,3,recordAccess,1,60eaf004d52a4c83bba0045f9ee39cec,91,20.006844,True,100336,122872,1
3/4,3,recordAccess,1,60eaf004d52a4c83bba0045f9ee39cec,92,19.839832,True,100336,122872,1
3/4,3,recordAccess,1,60eaf004d52a4c83bba0045f9ee39cec,93,20.016391,True,100336,122872,1
3/4,3,recordAccess,1,60eaf004d52a4c83bba0045f9ee39cec,94,20.005390,True,100336,122860,1
3/4,3,recordAccess,1,60eaf004d52a4c83bba0045f9ee39cec,95,19.977552,True,100336,122872,1
3/4,3,recordAccess,1,60eaf004d52a4c83bba0045f9ee39cec,96,19.393380,True,100336,122836,1
3/4,3,recordAccess,1,60eaf004d52a4c83bba0045f9ee39cec,97,24.346491,True,100337,122860,1
3/4,3,recordAccess,1,60eaf004d52a4c83bba0045f9ee39cec,98,19.499138,True,100336,122872,1
3/4,3,recordAccess,1,60eaf004d52a4c83bba0045f9ee39cec,99,24.306567,True,100337,122872,1
3/4,3,recordAccess,1,60eaf004d52a4c83bba0045f9ee39cec,100,19.978001,True,100336,122872,1
3/4,3,recordAccess,2,bb6f74d25309448d8da9cdd817f83496,1,21.102184,True,100539,122872,1
3/4,3,recordAccess,2,bb6f74d25309448d8da9cdd817f83496,2,21.098054,True,100539,122848,1
3/4,3,recordAccess,2,bb6f74d25309448d8da9cdd817f83496,3,21.024085,True,100539,122872,1
3/4,3,recordAccess,2,bb6f74d25309448d8da9cdd817f83496,4,20.695270,True,100539,122872,1
3/4,3,recordAccess,2,bb6f74d25309448d8da9cdd817f83496,5,20.486577,True,100539,122872,1
3/4,3,recordAccess,2,bb6f74d25309448d8da9cdd817f83496,6,21.068493,True,100539,122860,1
3/4,3,recordAccess,2,bb6f74d25309448d8da9cdd817f83496,7,20.374389,True,100539,122872,1
3/4,3,recordAccess,2,bb6f74d25309448d8da9cdd817f83496,8,20.822802,True,100539,122872,1
3/4,3,recordAccess,2,bb6f74d25309448d8da9cdd817f83496,9,21.053616,True,100539,122860,1
3/4,3,recordAccess,2,bb6f74d25309448d8da9cdd817f83496,10,20.674067,True,100539,122872,1
3/4,3,recordAccess,2,bb6f74d25309448d8da9cdd817f83496,11,21.023821,True,100539,122848,1
3/4,3,recordAccess,2,bb6f74d25309448d8da9cdd817f83496,12,20.308392,True,100539,122872,1
3/4,3,recordAccess,2,bb6f74d25309448d8da9cdd817f83496,13,20.936339,True,100539,122872,1
3/4,3,recordAccess,2,bb6f74d25309448d8da9cdd817f83496,14,20.801826,True,100539,122872,1
3/4,3,recordAccess,2,bb6f74d25309448d8da9cdd817f83496,15,21.063580,True,100539,122872,1
3/4,3,recordAccess,2,bb6f74d25309448d8da9cdd817f83496,16,21.020973,True,100539,122860,1
3/4,3,recordAccess,2,bb6f74d25309448d8da9cdd817f83496,17,21.055219,True,100539,122872,1
3/4,3,recordAccess,2,bb6f74d25309448d8da9cdd817f83496,18,20.969646,True,100539,122872,1
3/4,3,recordAccess,2,bb6f74d25309448d8da9cdd817f83496,19,20.886880,True,100539,122872,1
3/4,3,recordAccess,2,bb6f74d25309448d8da9cdd817f83496,20,20.605717,True,100539,122872,1
3/4,3,recordAccess,2,bb6f74d25309448d8da9cdd817f83496,21,21.037046,True,100539,122872,1
3/4,3,recordAccess,2,bb6f74d25309448d8da9cdd817f83496,22,20.721942,True,100539,122872,1
3/4,3,recordAccess,2,bb6f74d25309448d8da9cdd817f83496,23,20.994861,True,100539,122872,1
3/4,3,recordAccess,2,bb6f74d25309448d8da9cdd817f83496,24,20.371503,True,100539,122872,1
3/4,3,recordAccess,2,bb6f74d25309448d8da9cdd817f83496,25,20.892155,True,100539,122872,1
3/4,3,recordAccess,2,bb6f74d25309448d8da9cdd817f83496,26,20.922441,True,100539,122872,1
3/4,3,recordAccess,2,bb6f74d25309448d8da9cdd817f83496,27,20.360333,True,100539,122848,1
3/4,3,recordAccess,2,bb6f74d25309448d8da9cdd817f83496,28,20.842485,True,100539,122872,1
3/4,3,recordAccess,2,bb6f74d25309448d8da9cdd817f83496,29,20.340013,True,100539,122872,1
3/4,3,recordAccess,2,bb6f74d25309448d8da9cdd817f83496,30,20.908258,True,100539,122872,1
3/4,3,recordAccess,2,bb6f74d25309448d8da9cdd817f83496,31,20.935220,True,100539,122860,1
3/4,3,recordAccess,2,bb6f74d25309448d8da9cdd817f83496,32,20.957228,True,100539,122872,1
3/4,3,recordAccess,2,bb6f74d25309448d8da9cdd817f83496,33,20.321419,True,100539,122872,1
3/4,3,recordAccess,2,bb6f74d25309448d8da9cdd817f83496,34,20.287441,True,100539,122872,1
3/4,3,recordAccess,2,bb6f74d25309448d8da9cdd817f83496,35,20.695553,True,100539,122860,1
3/4,3,recordAccess,2,bb6f74d25309448d8da9cdd817f83496,36,20.860948,True,100539,122872,1
3/4,3,recordAccess,2,bb6f74d25309448d8da9cdd817f83496,37,20.819275,True,100539,122872,1
3/4,3,recordAccess,2,bb6f74d25309448d8da9cdd817f83496,38,20.247039,True,100539,122872,1
3/4,3,recordAccess,2,bb6f74d25309448d8da9cdd817f83496,39,20.249749,True,100539,122872,1
3/4,3,recordAccess,2,bb6f74d25309448d8da9cdd817f83496,40,20.879458,True,100539,122860,1
3/4,3,recordAccess,2,bb6f74d25309448d8da9cdd817f83496,41,20.773037,True,100539,122872,1
3/4,3,recordAccess,2,bb6f74d25309448d8da9cdd817f83496,42,20.182385,True,100539,122872,1
3/4,3,recordAccess,2,bb6f74d25309448d8da9cdd817f83496,43,20.914952,True,100539,122872,1
3/4,3,recordAccess,2,bb6f74d25309448d8da9cdd817f83496,44,21.011243,True,100539,122872,1
3/4,3,recordAccess,2,bb6f74d25309448d8da9cdd817f83496,45,20.821357,True,100539,122860,1
3/4,3,recordAccess,2,bb6f74d25309448d8da9cdd817f83496,46,20.257825,True,100539,122848,1
3/4,3,recordAccess,2,bb6f74d25309448d8da9cdd817f83496,47,20.807692,True,100539,122872,1
3/4,3,recordAccess,2,bb6f74d25309448d8da9cdd817f83496,48,20.440464,True,100539,122872,1
3/4,3,recordAccess,2,bb6f74d25309448d8da9cdd817f83496,49,20.225269,True,100539,122872,1
3/4,3,recordAccess,2,bb6f74d25309448d8da9cdd817f83496,50,20.201320,True,100539,122848,1
3/4,3,recordAccess,2,bb6f74d25309448d8da9cdd817f83496,51,20.743918,True,100539,122872,1
3/4,3,recordAccess,2,bb6f74d25309448d8da9cdd817f83496,52,20.796809,True,100539,122872,1
3/4,3,recordAccess,2,bb6f74d25309448d8da9cdd817f83496,53,20.793584,True,100539,122872,1
3/4,3,recordAccess,2,bb6f74d25309448d8da9cdd817f83496,54,25.325984,True,100540,122860,1
3/4,3,recordAccess,2,bb6f74d25309448d8da9cdd817f83496,55,25.282107,True,100540,122872,1
3/4,3,recordAccess,2,bb6f74d25309448d8da9cdd817f83496,56,25.117124,True,100540,122872,1
3/4,3,recordAccess,2,bb6f74d25309448d8da9cdd817f83496,57,25.346506,True,100540,122872,1
3/4,3,recordAccess,2,bb6f74d25309448d8da9cdd817f83496,58,25.296378,True,100540,122872,1
3/4,3,recordAccess,2,bb6f74d25309448d8da9cdd817f83496,59,25.232389,True,100540,122872,1
3/4,3,recordAccess,2,bb6f74d25309448d8da9cdd817f83496,60,25.120848,True,100540,122872,1
3/4,3,recordAccess,2,bb6f74d25309448d8da9cdd817f83496,61,25.312889,True,100540,122860,1
3/4,3,recordAccess,2,bb6f74d25309448d8da9cdd817f83496,62,25.327103,True,100540,122860,1
3/4,3,recordAccess,2,bb6f74d25309448d8da9cdd817f83496,63,25.265409,True,100540,122860,1
3/4,3,recordAccess,2,bb6f74d25309448d8da9cdd817f83496,64,25.094723,True,100540,122872,1
3/4,3,recordAccess,2,bb6f74d25309448d8da9cdd817f83496,65,25.116183,True,100540,122872,1
3/4,3,recordAccess,2,bb6f74d25309448d8da9cdd817f83496,66,25.160398,True,100540,122872,1
3/4,3,recordAccess,2,bb6f74d25309448d8da9cdd817f83496,67,25.218607,True,100540,122860,1
3/4,3,recordAccess,2,bb6f74d25309448d8da9cdd817f83496,68,25.260116,True,100540,122860,1
3/4,3,recordAccess,2,bb6f74d25309448d8da9cdd817f83496,69,25.223093,True,100540,122872,1
3/4,3,recordAccess,2,bb6f74d25309448d8da9cdd817f83496,70,25.066921,True,100540,122872,1
3/4,3,recordAccess,2,bb6f74d25309448d8da9cdd817f83496,71,25.239525,True,100540,122872,1
3/4,3,recordAccess,2,bb6f74d25309448d8da9cdd817f83496,72,25.251514,True,100540,122872,1
3/4,3,recordAccess,2,bb6f74d25309448d8da9cdd817f83496,73,25.237248,True,100540,122872,1
3/4,3,recordAccess,2,bb6f74d25309448d8da9cdd817f83496,74,25.014881,True,100540,122872,1
3/4,3,recordAccess,2,bb6f74d25309448d8da9cdd817f83496,75,25.158073,True,100540,122860,1
3/4,3,recordAccess,2,bb6f74d25309448d8da9cdd817f83496,76,25.216708,True,100540,122872,1
3/4,3,recordAccess,2,bb6f74d25309448d8da9cdd817f83496,77,25.209685,True,100540,122872,1
3/4,3,recordAccess,2,bb6f74d25309448d8da9cdd817f83496,78,25.008159,True,100540,122860,1
3/4,3,recordAccess,2,bb6f74d25309448d8da9cdd817f83496,79,25.183042,True,100540,122872,1
3/4,3,recordAccess,2,bb6f74d25309448d8da9cdd817f83496,80,24.794446,True,100540,122872,1
3/4,3,recordAccess,2,bb6f74d25309448d8da9cdd817f83496,81,25.153191,True,100540,122860,1
3/4,3,recordAccess,2,bb6f74d25309448d8da9cdd817f83496,82,24.855025,True,100540,122872,1
3/4,3,recordAccess,2,bb6f74d25309448d8da9cdd817f83496,83,25.050830,True,100540,122872,1
3/4,3,recordAccess,2,bb6f74d25309448d8da9cdd817f83496,84,25.137632,True,100540,122872,1
3/4,3,recordAccess,2,bb6f74d25309448d8da9cdd817f83496,85,24.956416,True,100540,122872,1
3/4,3,recordAccess,2,bb6f74d25309448d8da9cdd817f83496,86,25.094773,True,100540,122872,1
3/4,3,recordAccess,2,bb6f74d25309448d8da9cdd817f83496,87,25.092887,True,100540,122860,1
3/4,3,recordAccess,2,bb6f74d25309448d8da9cdd817f83496,88,25.125531,True,100540,122872,1
3/4,3,recordAccess,2,bb6f74d25309448d8da9cdd817f83496,89,24.952420,True,100540,122872,1
3/4,3,recordAccess,2,bb6f74d25309448d8da9cdd817f83496,90,25.111999,True,100540,122872,1
3/4,3,recordAccess,2,bb6f74d25309448d8da9cdd817f83496,91,25.051558,True,100540,122872,1
3/4,3,recordAccess,2,bb6f74d25309448d8da9cdd817f83496,92,25.048464,True,100540,122872,1
3/4,3,recordAccess,2,bb6f74d25309448d8da9cdd817f83496,93,25.028758,True,100540,122872,1
3/4,3,recordAccess,2,bb6f74d25309448d8da9cdd817f83496,94,25.019547,True,100540,122860,1
3/4,3,recordAccess,2,bb6f74d25309448d8da9cdd817f83496,95,25.025860,True,100540,122860,1
3/4,3,recordAccess,2,bb6f74d25309448d8da9cdd817f83496,96,25.010573,True,100540,122872,1
3/4,3,recordAccess,2,bb6f74d25309448d8da9cdd817f83496,97,25.031769,True,100540,122872,1
3/4,3,recordAccess,2,bb6f74d25309448d8da9cdd817f83496,98,24.849963,True,100540,122872,1
3/4,3,recordAccess,2,bb6f74d25309448d8da9cdd817f83496,99,25.022706,True,100540,122872,1
3/4,3,recordAccess,2,bb6f74d25309448d8da9cdd817f83496,100,24.840604,True,100540,122860,1
3/4,3,recordAccess,3,7bba1a6f23e343a9a2a70f123b8fb2ff,1,10.951568,True,100742,122860,1
3/4,3,recordAccess,3,7bba1a6f23e343a9a2a70f123b8fb2ff,2,10.741869,True,100742,122872,1
3/4,3,recordAccess,3,7bba1a6f23e343a9a2a70f123b8fb2ff,3,10.955859,True,100742,122872,1
3/4,3,recordAccess,3,7bba1a6f23e343a9a2a70f123b8fb2ff,4,10.875988,True,100742,122872,1
3/4,3,recordAccess,3,7bba1a6f23e343a9a2a70f123b8fb2ff,5,10.796554,True,100742,122860,1
3/4,3,recordAccess,3,7bba1a6f23e343a9a2a70f123b8fb2ff,6,10.936126,True,100742,122872,1
3/4,3,recordAccess,3,7bba1a6f23e343a9a2a70f123b8fb2ff,7,10.935895,True,100742,122872,1
3/4,3,recordAccess,3,7bba1a6f23e343a9a2a70f123b8fb2ff,8,10.707665,True,100742,122872,1
3/4,3,recordAccess,3,7bba1a6f23e343a9a2a70f123b8fb2ff,9,10.935444,True,100742,122860,1
3/4,3,recordAccess,3,7bba1a6f23e343a9a2a70f123b8fb2ff,10,10.748694,True,100742,122872,1
3/4,3,recordAccess,3,7bba1a6f23e343a9a2a70f123b8fb2ff,11,10.494191,True,100742,122860,1
3/4,3,recordAccess,3,7bba1a6f23e343a9a2a70f123b8fb2ff,12,10.857018,True,100742,122872,1
3/4,3,recordAccess,3,7bba1a6f23e343a9a2a70f123b8fb2ff,13,10.661216,True,100742,122872,1
3/4,3,recordAccess,3,7bba1a6f23e343a9a2a70f123b8fb2ff,14,10.831384,True,100742,122872,1
3/4,3,recordAccess,3,7bba1a6f23e343a9a2a70f123b8fb2ff,15,10.886603,True,100742,122872,1
3/4,3,recordAccess,3,7bba1a6f23e343a9a2a70f123b8fb2ff,16,10.864104,True,100742,122872,1
3/4,3,recordAccess,3,7bba1a6f23e343a9a2a70f123b8fb2ff,17,10.767465,True,100742,122860,1
3/4,3,recordAccess,3,7bba1a6f23e343a9a2a70f123b8fb2ff,18,10.465123,True,100742,122872,1
3/4,3,recordAccess,3,7bba1a6f23e343a9a2a70f123b8fb2ff,19,10.866646,True,100742,122860,1
3/4,3,recordAccess,3,7bba1a6f23e343a9a2a70f123b8fb2ff,20,10.844385,True,100742,122848,1
3/4,3,recordAccess,3,7bba1a6f23e343a9a2a70f123b8fb2ff,21,10.801628,True,100742,122860,1
3/4,3,recordAccess,3,7bba1a6f23e343a9a2a70f123b8fb2ff,22,10.852300,True,100742,122872,1
3/4,3,recordAccess,3,7bba1a6f23e343a9a2a70f123b8fb2ff,23,10.544328,True,100742,122872,1
3/4,3,recordAccess,3,7bba1a6f23e343a9a2a70f123b8fb2ff,24,10.629429,True,100742,122872,1
3/4,3,recordAccess,3,7bba1a6f23e343a9a2a70f123b8fb2ff,25,10.794323,True,100742,122872,1
3/4,3,recordAccess,3,7bba1a6f23e343a9a2a70f123b8fb2ff,26,10.840031,True,100742,122872,1
3/4,3,recordAccess,3,7bba1a6f23e343a9a2a70f123b8fb2ff,27,10.715491,True,100742,122872,1
3/4,3,recordAccess,3,7bba1a6f23e343a9a2a70f123b8fb2ff,28,10.737574,True,100742,122872,1
3/4,3,recordAccess,3,7bba1a6f23e343a9a2a70f123b8fb2ff,29,10.647229,True,100742,122872,1
3/4,3,recordAccess,3,7bba1a6f23e343a9a2a70f123b8fb2ff,30,10.675206,True,100742,122872,1
3/4,3,recordAccess,3,7bba1a6f23e343a9a2a70f123b8fb2ff,31,10.688027,True,100742,122872,1
3/4,3,recordAccess,3,7bba1a6f23e343a9a2a70f123b8fb2ff,32,10.760035,True,100742,122860,1
3/4,3,recordAccess,3,7bba1a6f23e343a9a2a70f123b8fb2ff,33,10.671569,True,100742,122872,1
3/4,3,recordAccess,3,7bba1a6f23e343a9a2a70f123b8fb2ff,34,10.516295,True,100742,122872,1
3/4,3,recordAccess,3,7bba1a6f23e343a9a2a70f123b8fb2ff,35,10.477250,True,100742,122848,1
3/4,3,recordAccess,3,7bba1a6f23e343a9a2a70f123b8fb2ff,36,10.742728,True,100742,122872,1
3/4,3,recordAccess,3,7bba1a6f23e343a9a2a70f123b8fb2ff,37,10.761027,True,100742,122872,1
3/4,3,recordAccess,3,7bba1a6f23e343a9a2a70f123b8fb2ff,38,10.449877,True,100742,122848,1
3/4,3,recordAccess,3,7bba1a6f23e343a9a2a70f123b8fb2ff,39,10.603744,True,100742,122872,1
3/4,3,recordAccess,3,7bba1a6f23e343a9a2a70f123b8fb2ff,40,10.431001,True,100742,122872,1
3/4,3,recordAccess,3,7bba1a6f23e343a9a2a70f123b8fb2ff,41,10.711722,True,100742,122860,1
3/4,3,recordAccess,3,7bba1a6f23e343a9a2a70f123b8fb2ff,42,10.723716,True,100742,122848,1
3/4,3,recordAccess,3,7bba1a6f23e343a9a2a70f123b8fb2ff,43,10.331529,True,100742,122872,1
3/4,3,recordAccess,3,7bba1a6f23e343a9a2a70f123b8fb2ff,44,10.389336,True,100742,122860,1
3/4,3,recordAccess,3,7bba1a6f23e343a9a2a70f123b8fb2ff,45,10.630394,True,100742,122860,1
3/4,3,recordAccess,3,7bba1a6f23e343a9a2a70f123b8fb2ff,46,10.701983,True,100742,122872,1
3/4,3,recordAccess,3,7bba1a6f23e343a9a2a70f123b8fb2ff,47,10.489107,True,100742,122872,1
3/4,3,recordAccess,3,7bba1a6f23e343a9a2a70f123b8fb2ff,48,10.405527,True,100742,122872,1
3/4,3,recordAccess,3,7bba1a6f23e343a9a2a70f123b8fb2ff,49,10.691236,True,100742,122860,1
3/4,3,recordAccess,3,7bba1a6f23e343a9a2a70f123b8fb2ff,50,10.655309,True,100742,122872,1
3/4,3,recordAccess,3,7bba1a6f23e343a9a2a70f123b8fb2ff,51,10.553083,True,100742,122860,1
3/4,3,recordAccess,3,7bba1a6f23e343a9a2a70f123b8fb2ff,52,10.388799,True,100742,122872,1
3/4,3,recordAccess,3,7bba1a6f23e343a9a2a70f123b8fb2ff,53,10.663974,True,100742,122872,1
3/4,3,recordAccess,3,7bba1a6f23e343a9a2a70f123b8fb2ff,54,25.075981,True,100743,122860,1
3/4,3,recordAccess,3,7bba1a6f23e343a9a2a70f123b8fb2ff,55,25.366204,True,100743,122872,1
3/4,3,recordAccess,3,7bba1a6f23e343a9a2a70f123b8fb2ff,56,25.300216,True,100743,122860,1
3/4,3,recordAccess,3,7bba1a6f23e343a9a2a70f123b8fb2ff,57,25.340510,True,100743,122872,1
3/4,3,recordAccess,3,7bba1a6f23e343a9a2a70f123b8fb2ff,58,25.353209,True,100743,122872,1
3/4,3,recordAccess,3,7bba1a6f23e343a9a2a70f123b8fb2ff,59,25.336871,True,100743,122872,1
3/4,3,recordAccess,3,7bba1a6f23e343a9a2a70f123b8fb2ff,60,25.208696,True,100743,122860,1
3/4,3,recordAccess,3,7bba1a6f23e343a9a2a70f123b8fb2ff,61,25.144940,True,100743,122872,1
3/4,3,recordAccess,3,7bba1a6f23e343a9a2a70f123b8fb2ff,62,25.232560,True,100743,122860,1
3/4,3,recordAccess,3,7bba1a6f23e343a9a2a70f123b8fb2ff,63,25.074611,True,100743,122872,1
3/4,3,recordAccess,3,7bba1a6f23e343a9a2a70f123b8fb2ff,64,25.296276,True,100743,122860,1
3/4,3,recordAccess,3,7bba1a6f23e343a9a2a70f123b8fb2ff,65,25.115968,True,100743,122860,1
3/4,3,recordAccess,3,7bba1a6f23e343a9a2a70f123b8fb2ff,66,25.284533,True,100743,122872,1
3/4,3,recordAccess,3,7bba1a6f23e343a9a2a70f123b8fb2ff,67,25.291182,True,100743,122872,1
3/4,3,recordAccess,3,7bba1a6f23e343a9a2a70f123b8fb2ff,68,25.220799,True,100743,122872,1
3/4,3,recordAccess,3,7bba1a6f23e343a9a2a70f123b8fb2ff,69,25.080774,True,100743,122872,1
3/4,3,recordAccess,3,7bba1a6f23e343a9a2a70f123b8fb2ff,70,25.256285,True,100743,122860,1
3/4,3,recordAccess,3,7bba1a6f23e343a9a2a70f123b8fb2ff,71,25.021953,True,100743,122872,1
3/4,3,recordAccess,3,7bba1a6f23e343a9a2a70f123b8fb2ff,72,25.255892,True,100743,122872,1
3/4,3,recordAccess,3,7bba1a6f23e343a9a2a70f123b8fb2ff,73,25.262472,True,100743,122848,1
3/4,3,recordAccess,3,7bba1a6f23e343a9a2a70f123b8fb2ff,74,25.048897,True,100743,122860,1
3/4,3,recordAccess,3,7bba1a6f23e343a9a2a70f123b8fb2ff,75,25.026831,True,100743,122860,1
3/4,3,recordAccess,3,7bba1a6f23e343a9a2a70f123b8fb2ff,76,25.242077,True,100743,122848,1
3/4,3,recordAccess,3,7bba1a6f23e343a9a2a70f123b8fb2ff,77,25.154568,True,100743,122872,1
3/4,3,recordAccess,3,7bba1a6f23e343a9a2a70f123b8fb2ff,78,25.229940,True,100743,122872,1
3/4,3,recordAccess,3,7bba1a6f23e343a9a2a70f123b8fb2ff,79,25.229316,True,100743,122860,1
3/4,3,recordAccess,3,7bba1a6f23e343a9a2a70f123b8fb2ff,80,24.882083,True,100743,122872,1
3/4,3,recordAccess,3,7bba1a6f23e343a9a2a70f123b8fb2ff,81,25.190520,True,100743,122872,1
3/4,3,recordAccess,3,7bba1a6f23e343a9a2a70f123b8fb2ff,82,25.199728,True,100743,122872,1
3/4,3,recordAccess,3,7bba1a6f23e343a9a2a70f123b8fb2ff,83,25.164563,True,100743,122872,1
3/4,3,recordAccess,3,7bba1a6f23e343a9a2a70f123b8fb2ff,84,25.015624,True,100743,122872,1
3/4,3,recordAccess,3,7bba1a6f23e343a9a2a70f123b8fb2ff,85,25.157274,True,100743,122872,1
3/4,3,recordAccess,3,7bba1a6f23e343a9a2a70f123b8fb2ff,86,24.927451,True,100743,122872,1
3/4,3,recordAccess,3,7bba1a6f23e343a9a2a70f123b8fb2ff,87,25.156944,True,100743,122872,1
3/4,3,recordAccess,3,7bba1a6f23e343a9a2a70f123b8fb2ff,88,25.137863,True,100743,122872,1
3/4,3,recordAccess,3,7bba1a6f23e343a9a2a70f123b8fb2ff,89,25.138689,True,100743,122860,1
3/4,3,recordAccess,3,7bba1a6f23e343a9a2a70f123b8fb2ff,90,25.118179,True,100743,122872,1
3/4,3,recordAccess,3,7bba1a6f23e343a9a2a70f123b8fb2ff,91,24.808733,True,100743,122872,1
3/4,3,recordAccess,3,7bba1a6f23e343a9a2a70f123b8fb2ff,92,25.113317,True,100743,122872,1
3/4,3,recordAccess,3,7bba1a6f23e343a9a2a70f123b8fb2ff,93,25.112753,True,100743,122872,1
3/4,3,recordAccess,3,7bba1a6f23e343a9a2a70f123b8fb2ff,94,24.896175,True,100743,122860,1
3/4,3,recordAccess,3,7bba1a6f23e343a9a2a70f123b8fb2ff,95,25.094472,True,100743,122860,1
3/4,3,recordAccess,3,7bba1a6f23e343a9a2a70f123b8fb2ff,96,25.095172,True,100743,122848,1
3/4,3,recordAccess,3,7bba1a6f23e343a9a2a70f123b8fb2ff,97,24.852796,True,100743,122872,1
3/4,3,recordAccess,3,7bba1a6f23e343a9a2a70f123b8fb2ff,98,25.075935,True,100743,122872,1
3/4,3,recordAccess,3,7bba1a6f23e343a9a2a70f123b8fb2ff,99,25.073691,True,100743,122860,1
3/4,3,recordAccess,3,7bba1a6f23e343a9a2a70f123b8fb2ff,100,25.048069,True,100743,122872,1
